,experiment,date,hour,device_make,platform_os,browser,aware
2,exposed,2020-07-05,2,E5823,6,Chrome Mobile WebView,False
16,exposed,2020-07-04,16,Generic Smartphone,6,Chrome Mobile,True
20,exposed,2020-07-06,8,Generic Smartphone,6,Chrome Mobile,False
23,control,2020-07-08,4,Samsung SM-A202F,6,Facebook,True
27,control,2020-07-03,15,Generic Smartphone,6,Chrome Mobile,False
39,exposed,2020-07-10,2,Generic Smartphone,6,Chrome Mobile,False
45,control,2020-07-03,15,Generic Smartphone,6,Chrome Mobile,True
46,exposed,2020-07-05,6,I3312,6,Chrome Mobile WebView,False
48,control,2020-07-03,15,Generic Smartphone,6,Chrome Mobile,False
56,exposed,2020-07-03,14,Generic Smartphone,6,Chrome Mobile,False
62,control,2020-07-03,15,MRD-LX1,6,Facebook,False
65,exposed,2020-07-09,13,Samsung SM-G935F,6,Facebook,True
80,exposed,2020-07-09,20,Moto $2,6,Chrome Mobile WebView,False
89,exposed,2020-07-05,6,Generic Smartphone,6,Chrome Mobile,True
95,exposed,2020-07-08,20,Generic Smartphone,6,Chrome Mobile,False
99,control,2020-07-06,2,Samsung SM-J600FN,6,Chrome Mobile WebView,False
100,control,2020-07-04,16,Generic Smartphone,6,Chrome Mobile,True
101,control,2020-07-03,15,Samsung SM-A105FN,6,Samsung Internet,False
109,exposed,2020-07-09,8,Generic Smartphone,6,Chrome Mobile,False
118,control,2020-07-09,20,Samsung SM-G930F,6,Facebook,True
128,exposed,2020-07-04,11,Samsung SM-G981B,6,Chrome Mobile WebView,True
135,exposed,2020-07-05,19,Generic Smartphone,6,Chrome Mobile,False
141,exposed,2020-07-10,5,Generic Smartphone,6,Chrome Mobile,False
144,exposed,2020-07-05,2,Generic Smartphone,6,Chrome Mobile WebView,True
157,control,2020-07-07,15,Generic Smartphone,6,Chrome Mobile,True
160,control,2020-07-03,15,Samsung SM-G973F,6,Facebook,False
162,control,2020-07-03,15,ELE-L09,6,Facebook,True
192,exposed,2020-07-09,1,Generic Smartphone,6,Chrome Mobile,True
201,control,2020-07-08,18,Generic Smartphone,6,Chrome Mobile,True
223,exposed,2020-07-05,0,Generic Smartphone,6,Chrome Mobile WebView,False
225,exposed,2020-07-09,20,Samsung SM-G950F,6,Samsung Internet,False
226,control,2020-07-04,19,Generic Smartphone,6,Chrome Mobile,True
240,control,2020-07-08,22,Generic Smartphone,6,Chrome Mobile,False
241,exposed,2020-07-08,20,Generic Smartphone,6,Chrome Mobile WebView,True
244,exposed,2020-07-08,6,Generic Smartphone,6,Chrome Mobile,True
249,control,2020-07-03,15,Generic Smartphone,6,Chrome Mobile,True
253,control,2020-07-05,19,Generic Smartphone,6,Chrome Mobile,False
258,exposed,2020-07-05,6,Samsung SM-G960F,6,Facebook,False
259,exposed,2020-07-07,3,Samsung SM-N960F,6,Samsung Internet,False
267,exposed,2020-07-10,15,Generic Smartphone,6,Chrome Mobile,True
282,exposed,2020-07-08,20,Generic Smartphone,6,Chrome Mobile,True
292,exposed,2020-07-08,20,Generic Smartphone,6,Chrome Mobile,True
299,exposed,2020-07-09,19,VOG-L09,6,Facebook,False
300,control,2020-07-03,15,Generic Smartphone,6,Chrome Mobile,False
301,exposed,2020-07-08,21,Generic Smartphone,6,Chrome Mobile,True
305,exposed,2020-07-05,21,Generic Smartphone,6,Chrome Mobile,True
310,control,2020-07-05,10,Samsung SM-G960F,6,Facebook,True
323,exposed,2020-07-04,5,Samsung SM-G960F,6,Chrome Mobile WebView,False
335,control,2020-07-03,15,Generic Smartphone,6,Chrome Mobile,False
352,control,2020-07-08,14,Generic Smartphone,6,Chrome Mobile,True
355,exposed,2020-07-08,22,Generic Smartphone,6,Chrome Mobile,False
356,control,2020-07-06,8,Samsung SM-A705FN,6,Facebook,False
357,control,2020-07-03,15,Samsung SM-A202F,6,Chrome Mobile WebView,True
358,exposed,2020-07-08,21,Samsung SM-A405FN,6,Chrome Mobile WebView,True
362,control,2020-07-03,15,LG-$2,6,Chrome Mobile,True
366,exposed,2020-07-08,21,Generic Smartphone,6,Chrome Mobile WebView,False
393,exposed,2020-07-04,0,Samsung SM-A320FL,6,Chrome Mobile WebView,True
401,exposed,2020-07-05,3,Generic Smartphone,6,Chrome Mobile,True
404,exposed,2020-07-10,16,Generic Smartphone,6,Chrome Mobile,False
415,exposed,2020-07-10,2,Samsung SM-G950F,6,Facebook,False
418,control,2020-07-03,15,Samsung SM-G950F,6,Chrome Mobile WebView,True
422,control,2020-07-03,15,ANE-LX1,6,Facebook,False
430,exposed,2020-07-08,16,Generic Smartphone,6,Chrome Mobile,True
434,control,2020-07-09,2,Generic Smartphone,6,Chrome Mobile,False
438,control,2020-07-03,15,Generic Smartphone,6,Chrome Mobile,True
439,exposed,2020-07-09,0,Samsung SM-A705FN,6,Samsung Internet,False
447,exposed,2020-07-09,14,Generic Smartphone,6,Chrome Mobile,False
466,control,2020-07-03,15,POT-LX1,6,Facebook,False
471,exposed,2020-07-09,8,Generic Smartphone,6,Chrome Mobile,False
475,control,2020-07-03,15,Samsung SM-G973F,6,Samsung Internet,False
484,exposed,2020-07-09,6,Samsung SM-A505FN,6,Samsung Internet,True
486,control,2020-07-03,15,Generic Smartphone,6,Chrome Mobile,False
488,control,2020-07-03,15,Samsung SM-G960F,6,Samsung Internet,True
510,control,2020-07-03,15,Generic Smartphone,6,Chrome Mobile,False
514,control,2020-07-05,0,Generic Smartphone,6,Chrome Mobile,True
527,control,2020-07-09,12,Generic Smartphone,6,Chrome Mobile,True
529,control,2020-07-05,15,Generic Smartphone,6,Chrome Mobile,False
549,exposed,2020-07-09,14,Generic Smartphone,6,Chrome Mobile WebView,True
554,control,2020-07-10,12,Generic Smartphone,6,Chrome Mobile,False
556,control,2020-07-04,21,Samsung SM-A705FN,6,Facebook,False
558,control,2020-07-08,22,Samsung SM-G950F,6,Facebook,True
559,exposed,2020-07-03,10,Generic Smartphone,6,Chrome Mobile,False
563,control,2020-07-07,3,Generic Smartphone,6,Chrome Mobile,True
564,control,2020-07-10,13,Samsung SM-G973F,6,Samsung Internet,True
587,exposed,2020-07-03,8,Samsung SM-A300FU,6,Chrome Mobile WebView,True
633,control,2020-07-10,2,Samsung SM-A520F,6,Samsung Internet,False
637,control,2020-07-10,9,Generic Smartphone,6,Chrome Mobile,False
642,control,2020-07-03,15,Samsung SM-G930F,6,Facebook,True
650,exposed,2020-07-08,17,Generic Smartphone,6,Chrome Mobile,False
652,exposed,2020-07-03,9,Generic Smartphone,6,Chrome Mobile WebView,True
653,control,2020-07-03,15,Generic Smartphone,6,Chrome Mobile,False
654,exposed,2020-07-08,15,Generic Smartphone,6,Chrome Mobile WebView,True
658,control,2020-07-09,15,Generic Smartphone,6,Chrome Mobile,False
663,exposed,2020-07-03,0,Generic Smartphone,6,Chrome Mobile,False
668,exposed,2020-07-10,17,Generic Smartphone,6,Chrome Mobile,True
671,control,2020-07-03,15,Generic Smartphone,6,Chrome Mobile,True
682,control,2020-07-03,15,Generic Smartphone,6,Chrome Mobile,False
685,control,2020-07-05,10,Generic Smartphone,6,Chrome Mobile,False
689,exposed,2020-07-09,16,Generic Smartphone,6,Chrome Mobile,False
698,exposed,2020-07-10,12,Generic Smartphone,6,Chrome Mobile,False
701,exposed,2020-07-09,19,Generic Smartphone,6,Chrome Mobile,True
717,control,2020-07-03,15,Samsung SM-A750FN,6,Chrome Mobile WebView,True
718,exposed,2020-07-04,9,Generic Smartphone,6,Chrome Mobile,True
726,control,2020-07-03,15,Samsung SM-J330FN,6,Samsung Internet,False
728,exposed,2020-07-05,11,Generic Smartphone,6,Chrome Mobile WebView,False
738,control,2020-07-10,5,Generic Smartphone,6,Chrome Mobile,True
751,control,2020-07-03,15,OnePlus ONEPLUS A5000,6,Facebook,True
759,control,2020-07-03,15,Generic Smartphone,6,Chrome Mobile,False
762,control,2020-07-03,15,STF-L09,6,Facebook,False
763,exposed,2020-07-04,10,Generic Smartphone,6,Chrome Mobile,False
764,control,2020-07-03,15,Samsung SM-J330FN,6,Samsung Internet,True
766,exposed,2020-07-09,6,I3312,6,Chrome Mobile WebView,False
771,exposed,2020-07-10,5,Moto $2,6,Chrome Mobile WebView,False
775,exposed,2020-07-09,19,HTC 10,6,Chrome Mobile,False
781,exposed,2020-07-04,16,Samsung SM-J610FN,6,Chrome Mobile WebView,True
783,control,2020-07-03,15,Generic Smartphone,6,Chrome Mobile,True
787,exposed,2020-07-03,1,Generic Smartphone,6,Chrome Mobile,False
794,control,2020-07-03,19,iPhone,6,Mobile Safari,False
797,control,2020-07-07,8,Generic Smartphone,6,Chrome Mobile WebView,False
798,exposed,2020-07-10,15,Samsung SM-G900F,6,Chrome Mobile WebView,True
799,exposed,2020-07-03,12,VOG-L29,6,Facebook,False
801,control,2020-07-03,15,XiaoMi Redmi Note 7,6,Chrome Mobile WebView,False
802,exposed,2020-07-05,19,Generic Smartphone,6,Chrome Mobile,False
806,control,2020-07-09,14,Generic Smartphone,6,Chrome Mobile,False
823,control,2020-07-03,15,Generic Smartphone,6,Chrome Mobile,True
833,exposed,2020-07-04,9,Generic Smartphone,6,Chrome Mobile,False
837,exposed,2020-07-06,0,POT-LX1,6,Chrome Mobile WebView,True
838,exposed,2020-07-06,7,Samsung SM-G981B,6,Facebook,False
839,exposed,2020-07-08,17,Generic Smartphone,6,Chrome Mobile,True
846,control,2020-07-06,8,Samsung SM-A520F,6,Chrome Mobile WebView,False
862,control,2020-07-09,10,Generic Smartphone,6,Chrome Mobile,False
878,exposed,2020-07-06,3,Generic Smartphone,6,Chrome Mobile,False
879,control,2020-07-06,3,Nokia undefined$2$3,6,Chrome Mobile,True
880,exposed,2020-07-08,20,Generic Smartphone,6,Chrome Mobile,False
893,control,2020-07-07,16,POT-LX1,6,Facebook,False
896,exposed,2020-07-08,5,ELE-L29,6,Facebook,False
901,control,2020-07-03,15,Huawei Browser,6,Chrome,False
909,control,2020-07-03,15,Samsung SM-A202F,6,Samsung Internet,False
929,exposed,2020-07-07,23,Generic Smartphone,6,Chrome Mobile,True
934,control,2020-07-08,20,Generic Smartphone,6,Chrome Mobile,False
945,exposed,2020-07-08,17,Samsung SM-G955F,6,Chrome Mobile WebView,False
952,exposed,2020-07-05,8,Generic Smartphone,6,Chrome Mobile,False
976,exposed,2020-07-08,7,Samsung SM-A920F,6,Samsung Internet,False
997,control,2020-07-08,16,Generic Smartphone,6,Chrome Mobile,True
1005,control,2020-07-03,15,Generic Smartphone,6,Chrome Mobile,True
1007,exposed,2020-07-05,22,Samsung SM-A520F,6,Chrome Mobile WebView,False
1014,exposed,2020-07-04,16,Generic Smartphone,6,Chrome Mobile,True
1019,exposed,2020-07-09,2,Samsung SM-G950F,6,Chrome Mobile WebView,True
1038,control,2020-07-03,15,Samsung SM-G950F,6,Facebook,True
1042,exposed,2020-07-04,16,Samsung SM-G900F,6,Chrome Mobile WebView,False
1045,exposed,2020-07-09,13,Generic Smartphone,6,Chrome Mobile,False
1047,exposed,2020-07-07,20,Samsung SM-A405FN,6,Chrome Mobile WebView,True
1054,control,2020-07-05,4,Generic Smartphone,6,Chrome Mobile,True
1057,exposed,2020-07-09,8,Generic Smartphone,6,Chrome Mobile,True
1064,exposed,2020-07-04,14,Samsung SM-G960F,6,Chrome Mobile WebView,True
1067,exposed,2020-07-04,8,Nokia$2$3,6,Chrome Mobile WebView,True
1070,exposed,2020-07-08,16,Generic Smartphone,6,Chrome Mobile,False
1072,control,2020-07-03,15,Generic Smartphone,6,Chrome Mobile,False
1090,exposed,2020-07-10,0,Generic Smartphone,6,Chrome Mobile,True
1097,exposed,2020-07-03,8,iPhone,5,Mobile Safari,False
1111,control,2020-07-03,15,Generic Smartphone,6,Chrome Mobile,False
1115,control,2020-07-05,4,Samsung SM-G960F,6,Facebook,False
1117,control,2020-07-04,15,Samsung SM-G930F,6,Samsung Internet,False
1119,exposed,2020-07-06,1,Samsung SM-A505FN,6,Chrome Mobile WebView,True
1133,control,2020-07-04,3,Samsung SM-J530F,6,Samsung Internet,True
1138,exposed,2020-07-03,6,Nokia$2$3,6,Chrome Mobile WebView,True
1142,control,2020-07-03,15,Samsung SM-G975F,6,Samsung Internet,True
1152,exposed,2020-07-04,16,Generic Smartphone,6,Chrome Mobile,True
1161,control,2020-07-03,15,VOG-L09,6,Facebook,False
1167,control,2020-07-03,15,Generic Smartphone,6,Chrome Mobile,True
1171,control,2020-07-10,15,Generic Smartphone,6,Facebook,True
1180,exposed,2020-07-05,13,Samsung SM-G965F,6,Samsung Internet,True
1186,exposed,2020-07-03,7,LYA-L09,6,Chrome Mobile WebView,False
1190,control,2020-07-10,16,Generic Smartphone,6,Chrome Mobile,True
1196,exposed,2020-07-09,9,Generic Smartphone,6,Chrome Mobile WebView,False
1226,exposed,2020-07-09,13,Nokia$2$3,6,Chrome Mobile WebView,True
1231,control,2020-07-03,15,Generic Smartphone,6,Chrome Mobile,False
1235,exposed,2020-07-09,5,Generic Smartphone,6,Chrome Mobile,True
1236,exposed,2020-07-05,7,Generic Smartphone,6,Chrome Mobile,False
1239,exposed,2020-07-04,2,Generic Smartphone,6,Chrome Mobile,False
1252,exposed,2020-07-04,6,Generic Smartphone,6,Chrome Mobile,True
1255,control,2020-07-03,15,Samsung SM-G930F,6,Chrome Mobile WebView,True
1260,exposed,2020-07-09,22,Generic Smartphone,6,Chrome Mobile,True
1271,exposed,2020-07-03,2,Nokia undefined$2$3,6,Chrome Mobile,False
1272,exposed,2020-07-08,18,Samsung SM-G950F,6,Chrome Mobile WebView,False
1285,control,2020-07-03,15,Generic Smartphone,6,Chrome Mobile,True
1286,control,2020-07-03,15,Generic Smartphone,6,Chrome Mobile,True
1309,exposed,2020-07-05,4,MAR-LX1A,6,Chrome Mobile WebView,False
1312,control,2020-07-10,7,Samsung SM-G950F,6,Facebook,False
1319,control,2020-07-07,20,Generic Smartphone,6,Chrome Mobile,True
1373,exposed,2020-07-08,18,Samsung SM-G920F,6,Chrome Mobile WebView,True
1376,control,2020-07-09,15,Samsung SM-A320FL,6,Samsung Internet,False
1378,exposed,2020-07-10,2,Nokia$2$3,6,Chrome Mobile WebView,False
1386,control,2020-07-03,15,CLT-L09,6,Chrome Mobile,False
1396,exposed,2020-07-10,9,Generic Smartphone,6,Chrome Mobile,False
1408,control,2020-07-09,6,Generic Smartphone,6,Chrome Mobile,True
1418,control,2020-07-09,22,Generic Smartphone,6,Chrome Mobile,True
1429,control,2020-07-03,15,Samsung SM-J415FN,6,Samsung Internet,False
1433,exposed,2020-07-10,11,Samsung $2,6,Samsung Internet,True
1435,control,2020-07-10,9,Samsung SM-G950F,6,Chrome Mobile WebView,False
1437,exposed,2020-07-08,20,Generic Smartphone,6,Chrome Mobile,True
1450,control,2020-07-05,5,Generic Smartphone,6,Chrome Mobile,False
1459,control,2020-07-09,18,Generic Smartphone,6,Chrome Mobile,False
1470,control,2020-07-03,15,Samsung SM-G970F,6,Samsung Internet,False
1475,exposed,2020-07-05,16,Generic Smartphone,6,Chrome Mobile WebView,False
1492,exposed,2020-07-09,6,Generic Smartphone,6,Chrome Mobile,False
1497,control,2020-07-10,9,Generic Smartphone,6,Chrome Mobile,True
1498,control,2020-07-06,8,Generic Smartphone,6,Chrome Mobile,True
1514,control,2020-07-03,15,Generic Smartphone,6,Chrome Mobile,False
1516,exposed,2020-07-09,7,Samsung SM-G986B,6,Facebook,True
1519,exposed,2020-07-09,3,Generic Smartphone,6,Chrome Mobile,True
1521,control,2020-07-03,15,Samsung SM-G935F,6,Samsung Internet,True
1522,exposed,2020-07-03,10,Generic Smartphone,6,Chrome Mobile,True
1529,exposed,2020-07-04,14,Generic Smartphone,6,Chrome Mobile,True
1540,control,2020-07-03,15,Samsung SM-G973F,6,Facebook,False
1560,exposed,2020-07-08,15,VOG-L29,6,Facebook,False
1571,control,2020-07-03,15,Samsung SM-A705FN,6,Facebook,False
1578,exposed,2020-07-06,8,Generic Smartphone,6,Chrome Mobile,True
1580,exposed,2020-07-08,17,LG-$2,6,Chrome Mobile WebView,True
1587,exposed,2020-07-10,1,Generic Smartphone,6,Chrome Mobile,False
1591,control,2020-07-03,15,Samsung SM-A705FN,6,Facebook,True
1595,control,2020-07-03,15,Pixel 3,6,Facebook,True
1616,exposed,2020-07-05,8,Samsung SM-J730F,6,Chrome Mobile WebView,True
1624,control,2020-07-04,3,Generic Smartphone,6,Chrome Mobile,False
1632,control,2020-07-08,19,Generic Smartphone,6,Chrome Mobile,False
1637,exposed,2020-07-08,15,Generic Smartphone,6,Chrome Mobile,True
1639,exposed,2020-07-07,11,Generic Smartphone,6,Chrome Mobile,False
1641,exposed,2020-07-09,9,Generic Smartphone,6,Chrome Mobile,True
1664,exposed,2020-07-09,14,Generic Smartphone,6,Chrome Mobile,True
1678,control,2020-07-04,9,Generic Smartphone,6,Chrome Mobile,False
1684,control,2020-07-04,6,Generic Smartphone,6,Chrome Mobile,False
1685,control,2020-07-04,2,Generic Smartphone,6,Chrome Mobile,True
1689,control,2020-07-10,3,Generic Smartphone,6,Chrome Mobile,False
1709,exposed,2020-07-09,13,Generic Smartphone,6,Facebook,False
1710,exposed,2020-07-05,12,Generic Smartphone,6,Chrome Mobile,False
1727,exposed,2020-07-08,19,Samsung SM-G960F,6,Samsung Internet,True
1728,control,2020-07-07,6,Generic Smartphone,6,Chrome Mobile,False
1750,control,2020-07-03,15,Generic Smartphone,6,Facebook,True
1754,exposed,2020-07-07,20,Samsung SM-N960F,6,Chrome Mobile WebView,False
1763,control,2020-07-10,6,Generic Smartphone,6,Chrome Mobile,True
1766,exposed,2020-07-05,15,Samsung SM-G950F,6,Chrome Mobile WebView,True
1768,exposed,2020-07-04,19,Generic Smartphone,6,Chrome Mobile,True
1782,exposed,2020-07-03,9,Generic Smartphone,6,Chrome Mobile,True
1783,exposed,2020-07-09,11,Generic Smartphone,6,Chrome Mobile,False
1788,control,2020-07-06,2,Generic Smartphone,6,Facebook,False
1795,exposed,2020-07-10,1,HTC U12+,6,Chrome Mobile,False
1796,control,2020-07-05,8,Samsung SM-G770F,6,Samsung Internet,False
1806,exposed,2020-07-06,3,Generic Smartphone,6,Chrome Mobile,False
1815,control,2020-07-07,3,Samsung SM-J330G,6,Facebook,False
1832,control,2020-07-08,18,Generic Smartphone,6,Chrome Mobile,False
1835,exposed,2020-07-08,16,Samsung SM-A105FN,6,Chrome Mobile WebView,False
1840,control,2020-07-08,18,Generic Smartphone,6,Chrome Mobile,False
1841,exposed,2020-07-08,15,Generic Smartphone,6,Chrome Mobile WebView,False
1845,control,2020-07-03,15,Samsung SM-A715F,6,Facebook,True
1846,control,2020-07-10,0,Nokia undefined$2$3,6,Chrome Mobile,True
1862,exposed,2020-07-09,4,Samsung SM-G975F,6,Chrome Mobile WebView,False
1867,exposed,2020-07-03,0,Generic Smartphone,6,Chrome Mobile,False
1871,control,2020-07-05,5,Generic Smartphone,6,Chrome Mobile,False
1872,exposed,2020-07-10,6,ELE-L09,6,Chrome Mobile WebView,True
1879,exposed,2020-07-06,1,Generic Smartphone,6,Chrome Mobile,False
1880,exposed,2020-07-03,7,Generic Smartphone,6,Chrome Mobile,False
1881,control,2020-07-04,14,Generic Smartphone,6,Chrome Mobile,False
1884,exposed,2020-07-06,3,Samsung SM-G970F,6,Samsung Internet,True
1893,exposed,2020-07-03,7,Generic Smartphone,6,Chrome Mobile,False
1894,exposed,2020-07-03,1,Samsung SM-J330FN,6,Samsung Internet,False
1907,exposed,2020-07-09,10,Generic Smartphone,6,Chrome Mobile,True
1915,exposed,2020-07-04,7,Generic Smartphone,6,Chrome Mobile,False
1935,control,2020-07-09,10,I3312,6,Facebook,False
1943,control,2020-07-03,15,POT-LX1,6,Facebook,True
1952,control,2020-07-09,8,Generic Smartphone,6,Chrome Mobile,False
1966,control,2020-07-10,10,G3311,6,Facebook,False
1967,exposed,2020-07-03,10,Samsung SM-G973F,6,Samsung Internet,False
1972,control,2020-07-05,10,Generic Smartphone,6,Chrome Mobile,True
1977,exposed,2020-07-10,8,Samsung SM-G975F,6,Chrome Mobile WebView,True
1978,control,2020-07-03,15,Generic Smartphone,6,Chrome Mobile,True
1979,control,2020-07-03,15,Samsung SM-G950F,6,Facebook,True
1988,control,2020-07-05,18,Samsung SM-J320FN,6,Chrome Mobile,False
1990,control,2020-07-04,20,Samsung SM-G970F,6,Facebook,True
1994,exposed,2020-07-05,17,Generic Smartphone,6,Chrome Mobile,False
2004,exposed,2020-07-04,14,Generic Smartphone,6,Chrome Mobile,True
2018,control,2020-07-07,10,Generic Smartphone,6,Chrome Mobile,False
2020,exposed,2020-07-09,8,Generic Smartphone,6,Chrome Mobile,False
2022,exposed,2020-07-09,6,Samsung SM-G960F,6,Samsung Internet,True
2040,control,2020-07-08,7,Generic Smartphone,6,Chrome Mobile,False
2046,exposed,2020-07-09,21,YAL-L21,6,Chrome Mobile WebView,True
2051,exposed,2020-07-08,13,Generic Smartphone,6,Chrome Mobile,True
2054,control,2020-07-04,8,Generic Smartphone,6,Chrome Mobile,True
2057,exposed,2020-07-09,5,Generic Smartphone,6,Chrome Mobile,False
2068,exposed,2020-07-08,19,Generic Smartphone,6,Chrome Mobile,False
2077,control,2020-07-09,14,Generic Smartphone,6,Chrome Mobile,False
2083,control,2020-07-05,5,Generic Smartphone,6,Chrome Mobile,False
2087,exposed,2020-07-09,6,Generic Smartphone,6,Chrome Mobile,True
2092,exposed,2020-07-04,13,Samsung SM-G950F,6,Facebook,False
2115,control,2020-07-09,11,Generic Smartphone,6,Chrome Mobile,True
2116,control,2020-07-03,15,Generic Smartphone,6,Chrome Mobile,True
2123,exposed,2020-07-09,18,Samsung SM-G960F,6,Chrome Mobile WebView,True
2125,exposed,2020-07-04,10,Generic Smartphone,6,Chrome Mobile,True
2126,exposed,2020-07-08,20,Samsung SM-J510FN,6,Samsung Internet,False
2134,exposed,2020-07-05,10,Generic Smartphone,6,Chrome Mobile,False
2139,control,2020-07-04,8,XiaoMi Redmi 6A,6,Facebook,False
2145,exposed,2020-07-08,18,Generic Smartphone,6,Chrome Mobile,False
2172,exposed,2020-07-03,9,Generic Smartphone,6,Chrome Mobile WebView,False
2183,exposed,2020-07-06,9,Generic Smartphone,6,Chrome Mobile,False
2184,exposed,2020-07-10,3,Generic Smartphone,6,Chrome Mobile WebView,False
2187,control,2020-07-10,12,ANE-LX1,6,Facebook,True
2197,control,2020-07-07,8,Samsung SM-G955F,6,Chrome Mobile WebView,True
2233,exposed,2020-07-08,15,SNE-LX1,6,Facebook,False
2236,control,2020-07-09,19,Samsung SM-N976B,6,Facebook,False
2238,control,2020-07-10,6,Samsung SM-G973F,6,Chrome Mobile WebView,True
2239,exposed,2020-07-04,2,Generic Smartphone,6,Chrome Mobile WebView,False
2253,exposed,2020-07-06,7,Samsung SM-G960F,6,Samsung Internet,False
2256,control,2020-07-07,10,Generic Smartphone,6,Chrome Mobile,True
2263,exposed,2020-07-04,16,Samsung SM-G935F,6,Samsung Internet,False
2270,control,2020-07-08,21,LG-$2,6,Chrome Mobile,True
2277,control,2020-07-03,15,Generic Smartphone,6,Chrome Mobile,False
2286,control,2020-07-09,12,Samsung SM-A105FN,6,Chrome Mobile,False
2287,exposed,2020-07-05,12,Generic Smartphone,6,Chrome Mobile,False
2306,control,2020-07-10,2,Generic Smartphone,6,Chrome Mobile,True
2333,control,2020-07-03,15,Generic Smartphone,6,Chrome Mobile,False
2346,exposed,2020-07-03,10,Samsung SM-J600FN,6,Samsung Internet,True
2347,control,2020-07-03,15,Generic Smartphone,6,Chrome Mobile,False
2357,control,2020-07-03,15,Generic Smartphone,6,Chrome Mobile,True
2361,control,2020-07-03,15,Generic Smartphone,6,Chrome Mobile,False
2363,control,2020-07-08,2,Generic Smartphone,6,Chrome Mobile,False
2364,exposed,2020-07-07,2,Generic Smartphone,6,Chrome Mobile,False
2367,exposed,2020-07-09,8,Generic Smartphone,6,Chrome Mobile WebView,False
2383,exposed,2020-07-07,17,Samsung SM-G980F,6,Samsung Internet,False
2386,control,2020-07-03,15,ANE-LX1,6,Facebook,True
2387,exposed,2020-07-04,8,Generic Smartphone,6,Chrome Mobile,False
2400,exposed,2020-07-08,16,Generic Smartphone,6,Chrome Mobile WebView,False
2409,control,2020-07-10,4,Generic Smartphone,6,Chrome Mobile,True
2416,control,2020-07-09,4,Nokia undefined$2$3,6,Chrome Mobile,False
2417,exposed,2020-07-09,10,Samsung SM-G935F,6,Facebook,False
2421,control,2020-07-03,15,Samsung SM-G988B,6,Facebook,True
2427,exposed,2020-07-05,7,LG-$2,6,Chrome Mobile WebView,False
2428,control,2020-07-08,21,Samsung SM-A405FN,6,Facebook,True
2440,control,2020-07-03,15,Samsung SM-A405FN,6,Samsung Internet,True
2453,exposed,2020-07-09,15,Generic Smartphone,6,Chrome Mobile,False
2456,exposed,2020-07-03,10,Samsung SM-G975F,6,Chrome Mobile WebView,False
2457,control,2020-07-03,15,Generic Smartphone,6,Chrome Mobile,True
2465,exposed,2020-07-05,0,Generic Smartphone,6,Chrome Mobile,True
2476,control,2020-07-09,0,Generic Smartphone,6,Chrome Mobile,False
2477,exposed,2020-07-09,0,Generic Smartphone,6,Chrome Mobile,False
2481,exposed,2020-07-10,11,Generic Smartphone,6,Chrome Mobile,False
2485,exposed,2020-07-08,16,Generic Smartphone,6,Chrome Mobile,True
2487,control,2020-07-10,5,Samsung SM-A202F,6,Samsung Internet,False
2488,exposed,2020-07-04,4,Generic Smartphone,6,Chrome Mobile WebView,False
2490,exposed,2020-07-05,8,Generic Smartphone,6,Chrome Mobile,False
2502,control,2020-07-03,15,Samsung SM-A520F,6,Facebook,False
2521,exposed,2020-07-08,15,Generic Smartphone,6,Chrome Mobile,False
2526,exposed,2020-07-10,3,Generic Smartphone,6,Chrome Mobile,False
2531,exposed,2020-07-05,12,Huawei Browser,6,Chrome,True
2537,control,2020-07-10,8,Samsung SM-A705FN,6,Samsung Internet,True
2547,control,2020-07-05,1,Samsung $2,6,Samsung Internet,False
2556,control,2020-07-10,15,Generic Smartphone,6,Chrome Mobile,False
2558,exposed,2020-07-03,7,Generic Smartphone,6,Chrome Mobile,True
2563,exposed,2020-07-09,8,MRD-LX1,6,Chrome Mobile WebView,False
2564,control,2020-07-09,7,Samsung SM-J320FN,6,Facebook,False
2573,exposed,2020-07-08,18,Samsung SM-G965U1,6,Facebook,False
2574,exposed,2020-07-03,8,Generic Smartphone,6,Chrome Mobile,False
2585,exposed,2020-07-03,6,Samsung SM-A705FN,6,Samsung Internet,True
2589,control,2020-07-08,22,Generic Smartphone,6,Chrome Mobile,True
2592,control,2020-07-07,17,Generic Smartphone,6,Chrome Mobile,True
2598,exposed,2020-07-03,1,Generic Smartphone,6,Chrome Mobile,True
2600,exposed,2020-07-04,3,Generic Smartphone,6,Chrome Mobile,False
2602,control,2020-07-03,15,Samsung SM-G960F,6,Facebook,False
2606,exposed,2020-07-09,14,Nokia$2$3,6,Chrome Mobile WebView,False
2610,exposed,2020-07-09,11,Generic Smartphone,6,Chrome Mobile,False
2614,exposed,2020-07-08,17,Generic Smartphone,6,Chrome Mobile,True
2620,exposed,2020-07-04,10,Samsung SM-G900F,6,Chrome Mobile WebView,False
2625,control,2020-07-10,16,Samsung SM-A320FL,6,Samsung Internet,True
2630,control,2020-07-03,15,iPhone,5,Mobile Safari,False
2631,control,2020-07-03,15,iPhone,5,Mobile Safari UI/WKWebView,False
2637,exposed,2020-07-06,3,Generic Smartphone,6,Chrome Mobile,False
2647,control,2020-07-08,8,Samsung SM-G973F,6,Facebook,True
2656,control,2020-07-04,19,Generic Smartphone,6,Chrome Mobile,False
2660,control,2020-07-03,15,Generic Smartphone,6,Chrome Mobile,False
2665,exposed,2020-07-09,16,Generic Smartphone,6,Chrome Mobile,False
2674,exposed,2020-07-07,19,Samsung SM-G960F,6,Samsung Internet,True
2675,exposed,2020-07-03,7,Generic Smartphone,6,Chrome Mobile,False
2681,exposed,2020-07-09,16,Samsung SM-G980F,6,Chrome Mobile WebView,True
2711,exposed,2020-07-09,16,Generic Smartphone,6,Chrome Mobile,False
2720,control,2020-07-03,15,Generic Smartphone,6,Chrome Mobile,False
2722,control,2020-07-03,15,Generic Smartphone,6,Chrome Mobile,True
2731,exposed,2020-07-05,9,Nokia$2$3,6,Chrome Mobile WebView,True
2732,exposed,2020-07-07,0,Moto $2,6,Chrome Mobile WebView,False
2734,exposed,2020-07-06,6,Generic Smartphone,6,Chrome Mobile,True
2735,control,2020-07-03,15,Generic Smartphone,6,Chrome Mobile,False
2744,exposed,2020-07-06,10,Generic Smartphone,6,Chrome Mobile,True
2745,exposed,2020-07-06,6,Generic Smartphone,6,Chrome Mobile,True
2766,exposed,2020-07-03,5,Generic Smartphone,6,Chrome Mobile WebView,True
2771,control,2020-07-03,15,Generic Smartphone,6,Chrome Mobile,False
2778,control,2020-07-03,15,Generic Smartphone,6,Chrome Mobile,False
2779,control,2020-07-03,15,Samsung SM-G970F,6,Samsung Internet,True
2789,exposed,2020-07-05,13,Generic Smartphone,6,Chrome Mobile,True
2791,control,2020-07-07,3,Generic Smartphone,6,Chrome Mobile,False
2799,control,2020-07-04,13,Generic Smartphone,6,Chrome Mobile,False
2813,exposed,2020-07-03,9,Generic Smartphone,6,Chrome Mobile,False
2819,control,2020-07-06,0,VTR-L09,6,Chrome Mobile WebView,False
2822,exposed,2020-07-05,11,Generic Smartphone,6,Chrome Mobile,True
2826,exposed,2020-07-09,12,Generic Smartphone,6,Chrome Mobile,False
2827,control,2020-07-08,14,Generic Smartphone,6,Chrome Mobile,False
2831,exposed,2020-07-04,23,Generic Smartphone,6,Chrome Mobile,True
2847,control,2020-07-09,1,Generic Smartphone,6,Chrome Mobile,True
2854,control,2020-07-03,15,Samsung SM-A320FL,6,Samsung Internet,True
2856,control,2020-07-03,15,Generic Smartphone,6,Chrome Mobile,True
2863,exposed,2020-07-03,14,Generic Smartphone,6,Chrome Mobile,False
2874,control,2020-07-09,10,Samsung SM-G973F,6,Facebook,False
2880,exposed,2020-07-05,8,Samsung SM-G960F,6,Samsung Internet,False
2895,exposed,2020-07-07,18,Generic Smartphone,6,Chrome Mobile,False
2904,exposed,2020-07-08,14,Generic Smartphone,6,Chrome Mobile,True
2910,control,2020-07-03,15,Generic Smartphone,6,Chrome Mobile,False
2915,control,2020-07-05,11,Generic Smartphone,6,Chrome Mobile,True
2918,control,2020-07-03,15,Generic Smartphone,6,Chrome Mobile,True
2921,exposed,2020-07-09,7,Generic Smartphone,6,Chrome Mobile,True
2925,exposed,2020-07-08,21,LG-$2,6,Chrome Mobile,True
2928,exposed,2020-07-05,15,Samsung SM-A105FN,6,Samsung Internet,False
2931,exposed,2020-07-09,17,Generic Smartphone,6,Chrome Mobile,False
2938,control,2020-07-10,14,Generic Smartphone,6,Chrome Mobile,False
2945,exposed,2020-07-08,7,Samsung SM-N960F,6,Chrome Mobile WebView,False
2947,exposed,2020-07-08,15,Generic Smartphone,6,Chrome Mobile,True
2948,control,2020-07-08,19,Generic Smartphone,6,Chrome Mobile,False
2951,control,2020-07-03,15,Generic Smartphone,6,Chrome Mobile,True
2952,exposed,2020-07-08,15,Generic Smartphone,6,Chrome Mobile,False
2958,exposed,2020-07-07,9,Generic Smartphone,6,Chrome Mobile,True
2961,exposed,2020-07-07,22,Generic Smartphone,6,Chrome Mobile,True
2973,exposed,2020-07-07,3,Samsung SM-G973F,6,Samsung Internet,False
2976,control,2020-07-03,15,Samsung SM-G973F,6,Facebook,True
2978,control,2020-07-09,9,Generic Smartphone,6,Chrome Mobile,False
2981,control,2020-07-08,16,Samsung SM-A405FN,6,Samsung Internet,True
2984,control,2020-07-04,3,Generic Smartphone,6,Chrome Mobile,False
2988,exposed,2020-07-08,18,Generic Smartphone,6,Chrome Mobile,False
2989,exposed,2020-07-03,11,Generic Smartphone,6,Chrome Mobile,False
2994,exposed,2020-07-08,22,Samsung SM-G960F,6,Facebook,False
2998,control,2020-07-03,15,Generic Smartphone,6,Chrome Mobile,True
3005,exposed,2020-07-03,10,Generic Smartphone,6,Chrome Mobile,True
3015,exposed,2020-07-10,4,Samsung SM-G930F,6,Chrome Mobile WebView,True
3018,exposed,2020-07-05,8,Samsung SM-G960F,6,Chrome Mobile,False
3033,exposed,2020-07-04,16,Generic Smartphone,6,Chrome Mobile,False
3036,control,2020-07-03,15,Samsung SM-G930F,6,Samsung Internet,True
3037,exposed,2020-07-03,8,Generic Smartphone,6,Chrome Mobile,True
3056,exposed,2020-07-05,11,Samsung SM-A320FL,6,Samsung Internet,False
3067,exposed,2020-07-04,6,Generic Smartphone,6,Chrome Mobile,True
3076,exposed,2020-07-08,15,Generic Smartphone,6,Chrome Mobile,False
3090,exposed,2020-07-05,6,Generic Smartphone,6,Chrome Mobile,False
3097,exposed,2020-07-04,14,CLT-L09,6,Facebook,False
3099,exposed,2020-07-04,10,Generic Smartphone,6,Chrome Mobile,True
3111,exposed,2020-07-06,9,Generic Smartphone,6,Chrome Mobile,False
3113,exposed,2020-07-04,9,Generic Smartphone,6,Chrome Mobile,True
3119,exposed,2020-07-04,17,Generic Smartphone,6,Chrome Mobile,False
3123,control,2020-07-04,12,Generic Smartphone,6,Chrome Mobile WebView,False
3131,exposed,2020-07-10,12,Samsung $2,6,Samsung Internet,False
3135,exposed,2020-07-10,16,Generic Smartphone,6,Chrome Mobile,False
3138,exposed,2020-07-07,14,Generic Smartphone,6,Chrome Mobile WebView,False
3139,control,2020-07-04,11,Samsung SM-G950F,6,Samsung Internet,True
3140,exposed,2020-07-09,12,Generic Smartphone,6,Chrome Mobile,True
3145,control,2020-07-09,13,Samsung SM-G960F,6,Facebook,False
3149,control,2020-07-07,8,Generic Smartphone,6,Chrome Mobile,True
3158,exposed,2020-07-04,19,Generic Smartphone,6,Chrome Mobile,False
3161,control,2020-07-03,15,Generic Smartphone,6,Chrome Mobile,False
3166,exposed,2020-07-09,20,Samsung SM-A705FN,6,Facebook,False
3190,control,2020-07-08,14,Samsung SM-A520F,6,Facebook,False
3193,control,2020-07-09,10,Samsung SM-G960F,6,Facebook,True
3197,exposed,2020-07-09,11,Generic Smartphone,6,Chrome Mobile,False
3213,control,2020-07-03,15,Generic Smartphone,6,Chrome Mobile,True
3216,exposed,2020-07-03,8,Generic Smartphone,6,Chrome Mobile,True
3237,exposed,2020-07-03,12,Generic Smartphone,6,Chrome Mobile,False
3240,control,2020-07-04,3,iPhone,5,Mobile Safari,True
3246,control,2020-07-03,15,Samsung $2,6,Samsung Internet,True
3250,control,2020-07-08,14,Samsung SM-G960F,6,Samsung Internet,False
3260,exposed,2020-07-05,10,Samsung SM-G973F,6,Chrome Mobile WebView,True
3262,control,2020-07-03,15,Generic Smartphone,6,Chrome Mobile,False
3271,control,2020-07-04,14,Samsung SM-A600FN,6,Samsung Internet,True
3274,exposed,2020-07-05,0,Generic Smartphone,6,Chrome Mobile,False
3275,control,2020-07-09,12,Generic Smartphone,6,Chrome Mobile,True
3280,exposed,2020-07-03,10,Generic Smartphone,6,Chrome Mobile,False
3286,exposed,2020-07-03,11,Generic Smartphone,6,Chrome Mobile,False
3289,control,2020-07-03,15,Generic Smartphone,6,Chrome Mobile,True
3290,control,2020-07-03,15,MRD-LX1,6,Facebook,True
3305,control,2020-07-03,15,Generic Smartphone,6,Chrome Mobile,False
3314,exposed,2020-07-03,8,Generic Smartphone,6,Chrome Mobile,False
3330,control,2020-07-06,5,Generic Smartphone,6,Chrome Mobile,False
3331,control,2020-07-03,15,Generic Smartphone,6,Chrome Mobile,False
3332,exposed,2020-07-09,4,Samsung SM-A202F,6,Chrome Mobile WebView,False
3334,control,2020-07-03,15,Generic Smartphone,6,Chrome Mobile,False
3337,exposed,2020-07-05,9,Samsung SM-J530F,6,Samsung Internet,True
3341,exposed,2020-07-04,4,Generic Smartphone,6,Chrome Mobile,False
3369,exposed,2020-07-08,18,Generic Smartphone,6,Chrome Mobile,True
3372,control,2020-07-04,7,Samsung SM-G970F,6,Samsung Internet,False
3374,control,2020-07-10,4,Generic Smartphone,6,Chrome Mobile,False
3383,exposed,2020-07-06,10,Samsung SM-N950F,6,Facebook,True
3390,control,2020-07-03,15,MAR-LX1A,6,Facebook,False
3404,exposed,2020-07-08,20,VFD 700,6,Chrome Mobile WebView,True
3412,exposed,2020-07-10,15,Generic Smartphone,6,Chrome Mobile,False
3413,exposed,2020-07-03,8,Generic Smartphone,6,Chrome Mobile,False
3426,control,2020-07-04,8,Samsung SM-G960F,6,Facebook,True
3433,control,2020-07-03,15,Samsung SM-A310F,6,Samsung Internet,True
3437,control,2020-07-04,15,Samsung SM-G973F,6,Facebook,True
3444,control,2020-07-03,15,Samsung SM-G973F,6,Facebook,True
3445,control,2020-07-03,15,Generic Smartphone,6,Chrome Mobile,False
3448,exposed,2020-07-03,10,Samsung SM-A405FN,6,Chrome Mobile WebView,False
3449,exposed,2020-07-06,4,Generic Smartphone,6,Chrome Mobile,True
3473,exposed,2020-07-05,5,Samsung SM-G950F,6,Chrome Mobile WebView,True
3478,exposed,2020-07-04,11,Nokia undefined$2$3,6,Chrome Mobile,True
3487,control,2020-07-04,21,Generic Smartphone,6,Chrome Mobile,True
3490,exposed,2020-07-03,9,Samsung SM-N920I,6,Chrome Mobile WebView,False
3492,exposed,2020-07-08,5,Generic Smartphone,6,Chrome Mobile,True
3496,control,2020-07-03,15,Generic Smartphone,6,Chrome Mobile,True
3499,control,2020-07-05,18,Samsung SM-G960F,6,Facebook,True
3516,control,2020-07-04,11,Generic Smartphone,6,Chrome Mobile,True
3528,control,2020-07-07,9,Generic Smartphone,6,Chrome Mobile,True
3532,control,2020-07-08,18,Samsung SM-G977B,6,Facebook,False
3537,control,2020-07-03,15,Generic Smartphone,6,Chrome Mobile,True
3543,control,2020-07-10,4,Generic Smartphone,6,Chrome Mobile,True
3545,exposed,2020-07-05,11,Generic Smartphone,6,Chrome Mobile,False
3546,control,2020-07-09,18,Samsung SM-G970F,6,Samsung Internet,True
3565,exposed,2020-07-05,10,Generic Smartphone,6,Chrome Mobile,False
3571,control,2020-07-04,6,Generic Smartphone,6,Chrome Mobile,False
3574,control,2020-07-05,4,Samsung SM-G975F,6,Chrome Mobile WebView,True
3577,control,2020-07-03,15,Samsung SM-G930F,6,Samsung Internet,True
3581,control,2020-07-03,15,Generic Smartphone,6,Chrome Mobile,True
3588,exposed,2020-07-08,8,Generic Smartphone,6,Chrome Mobile,False
3590,exposed,2020-07-06,4,Generic Smartphone,6,Chrome Mobile,True
3594,control,2020-07-03,15,Generic Smartphone,6,Chrome Mobile,False
3596,control,2020-07-04,0,XiaoMi MI 8 Pro,6,Facebook,True
3621,control,2020-07-04,5,Nokia$2$3,6,Chrome Mobile,False
3630,control,2020-07-04,2,Generic Smartphone,6,Chrome Mobile,False
3639,control,2020-07-03,15,Generic Smartphone,6,Chrome Mobile,False
3642,control,2020-07-09,16,Samsung SM-N970F,6,Facebook,False
3644,control,2020-07-03,15,Generic Smartphone,6,Chrome Mobile,False
3645,control,2020-07-06,6,Samsung SM-G981B,6,Samsung Internet,True
3661,exposed,2020-07-03,11,Generic Smartphone,6,Chrome Mobile,False
3665,control,2020-07-08,20,Generic Smartphone,6,Chrome Mobile,False
3666,exposed,2020-07-04,6,ELE-L09,6,Facebook,True
3684,control,2020-07-08,20,ELE-L09,6,Facebook,False
3697,control,2020-07-10,17,ELE-L29,6,Facebook,True
3700,control,2020-07-07,5,Generic Smartphone,6,Chrome Mobile,False
3703,control,2020-07-08,13,Samsung SM-G975F,6,Facebook,False
3712,control,2020-07-03,15,Samsung SM-G930F,6,Samsung Internet,False
3714,exposed,2020-07-06,7,Generic Smartphone,6,Chrome Mobile,False
3722,exposed,2020-07-10,4,Generic Smartphone,6,Chrome Mobile,True
3730,exposed,2020-07-03,13,Generic Smartphone,6,Chrome Mobile,True
3734,exposed,2020-07-04,15,Generic Smartphone,6,Chrome Mobile,False
3742,exposed,2020-07-09,17,Samsung SM-A507FN,6,Chrome Mobile WebView,True
3747,control,2020-07-03,15,Generic Smartphone,6,Chrome Mobile,True
3752,exposed,2020-07-04,15,Generic Smartphone,6,Chrome Mobile WebView,False
3761,exposed,2020-07-09,7,Generic Smartphone,6,Chrome Mobile,True
3763,control,2020-07-03,15,Samsung SM-G950F,6,Facebook,False
3770,control,2020-07-05,14,MAR-LX1A,6,Facebook,True
3776,exposed,2020-07-06,8,Generic Smartphone,6,Chrome Mobile,False
3777,exposed,2020-07-06,7,Generic Smartphone,6,Chrome Mobile,False
3796,control,2020-07-09,22,Generic Smartphone,6,Chrome Mobile WebView,True
3805,control,2020-07-04,20,Samsung SM-J330FN,6,Samsung Internet,False
3808,exposed,2020-07-04,8,Generic Smartphone,6,Chrome Mobile WebView,False
3816,control,2020-07-10,16,Generic Smartphone,6,Chrome Mobile,False
3818,control,2020-07-06,8,Samsung SM-A202F,6,Samsung Internet,True
3825,control,2020-07-03,15,Generic Smartphone,6,Chrome Mobile,True
3833,control,2020-07-04,12,Nokia$2$3,6,Facebook,False
3843,exposed,2020-07-05,3,iPhone,5,Mobile Safari,True
3845,control,2020-07-10,8,Samsung SM-G973F,6,Chrome Mobile WebView,True
3848,exposed,2020-07-10,15,Samsung SM-G950F,6,Samsung Internet,False
3850,control,2020-07-06,10,Generic Smartphone,6,Chrome Mobile,True
3852,exposed,2020-07-04,3,Nokia undefined$2$3,6,Chrome Mobile,True
3854,exposed,2020-07-10,2,Generic Smartphone,6,Chrome Mobile,False
3862,control,2020-07-09,2,Generic Smartphone,6,Chrome Mobile,False
3877,exposed,2020-07-07,22,Generic Smartphone,6,Chrome Mobile,True
3880,exposed,2020-07-03,7,Generic Smartphone,6,Chrome Mobile WebView,True
3885,exposed,2020-07-05,7,Samsung SM-G975F,6,Samsung Internet,True
3886,exposed,2020-07-08,19,Generic Smartphone,6,Chrome Mobile,False
3888,exposed,2020-07-09,19,Samsung SM-A105FN,6,Samsung Internet,False
3898,exposed,2020-07-08,21,Samsung SM-G950F,6,Facebook,False
3900,exposed,2020-07-03,0,Generic Smartphone,6,Chrome Mobile,True
3903,exposed,2020-07-09,17,Generic Smartphone,6,Chrome Mobile,True
3917,control,2020-07-03,15,Samsung SM-J600FN,6,Samsung Internet,False
3920,exposed,2020-07-03,3,Samsung SM-G975F,6,Chrome Mobile WebView,True
3946,exposed,2020-07-09,21,Samsung SM-G975F,6,Samsung Internet,False
3957,control,2020-07-06,1,MAR-LX1A,6,Facebook,False
3961,exposed,2020-07-03,13,Samsung SM-A750FN,6,Chrome Mobile WebView,True
3962,control,2020-07-04,5,Generic Smartphone,6,Chrome Mobile,True
3982,control,2020-07-07,13,Generic Smartphone,6,Chrome Mobile,False
3986,exposed,2020-07-05,7,Generic Smartphone,6,Chrome Mobile WebView,False
3991,exposed,2020-07-05,13,Samsung SM-G950F,6,Samsung Internet,False
3995,control,2020-07-05,5,CLT-L09,6,Chrome Mobile WebView,False
3996,exposed,2020-07-08,12,Generic Smartphone,6,Chrome Mobile,True
4005,control,2020-07-09,17,Generic Smartphone,6,Chrome Mobile,True
4011,exposed,2020-07-06,8,Samsung SM-G950F,6,Chrome Mobile WebView,False
4012,control,2020-07-04,9,Generic Smartphone,6,Chrome Mobile,False
4015,control,2020-07-08,18,Generic Smartphone,6,Chrome Mobile,False
4016,control,2020-07-08,17,Generic Smartphone,6,Chrome Mobile,True
4028,exposed,2020-07-10,13,Samsung SM-A300FU,6,Chrome Mobile WebView,False
4031,exposed,2020-07-07,14,Samsung SM-G960F,6,Samsung Internet,False
4039,exposed,2020-07-09,18,Generic Smartphone,6,Chrome Mobile,False
4048,exposed,2020-07-06,5,Samsung SM-A505FN,6,Samsung Internet,False
4061,control,2020-07-05,21,Generic Smartphone,6,Chrome Mobile,False
4068,control,2020-07-08,15,Generic Smartphone,6,Chrome Mobile,True
4069,control,2020-07-03,15,Generic Smartphone,6,Chrome Mobile,False
4070,exposed,2020-07-07,9,Generic Smartphone,6,Chrome Mobile,True
4071,exposed,2020-07-03,9,Generic Smartphone,6,Chrome Mobile,False
4081,control,2020-07-07,0,Generic Smartphone,6,Chrome Mobile,False
4102,exposed,2020-07-09,11,POT-LX1,6,Chrome Mobile WebView,False
4104,exposed,2020-07-08,22,Samsung SM-G980F,6,Facebook,False
4109,control,2020-07-10,15,Samsung SM-A105FN,6,Samsung Internet,True
4112,control,2020-07-03,15,Samsung SM-A515F,6,Chrome Mobile WebView,False
4115,control,2020-07-05,15,Generic Smartphone,6,Chrome Mobile,True
4124,exposed,2020-07-08,13,Generic Smartphone,6,Chrome Mobile,False
4129,exposed,2020-07-04,6,PRA-LX1,6,Chrome Mobile WebView,False
4133,control,2020-07-10,7,Generic Smartphone,6,Chrome Mobile,False
4142,control,2020-07-03,15,Generic Smartphone,6,Chrome Mobile,False
4145,exposed,2020-07-04,10,Samsung SM-G965F,6,Facebook,True
4154,exposed,2020-07-09,14,Generic Smartphone,6,Chrome Mobile,False
4156,control,2020-07-08,19,Generic Smartphone,6,Chrome Mobile,True
4157,control,2020-07-03,15,Generic Smartphone,6,Chrome Mobile,True
4164,exposed,2020-07-05,6,Generic Smartphone,6,Chrome Mobile,True
4166,control,2020-07-03,15,Generic Smartphone,6,Chrome Mobile,False
4168,control,2020-07-08,18,Samsung SM-A202F,6,Samsung Internet,True
4172,exposed,2020-07-06,2,Generic Smartphone,6,Chrome Mobile,True
4207,exposed,2020-07-10,14,Generic Smartphone,6,Facebook,True
4229,exposed,2020-07-03,8,Samsung SM-G920F,6,Chrome Mobile WebView,True
4239,exposed,2020-07-09,10,Generic Smartphone,6,Chrome Mobile,False
4241,exposed,2020-07-08,16,Generic Smartphone,6,Chrome Mobile,True
4243,exposed,2020-07-08,3,Generic Smartphone,6,Chrome Mobile,False
4245,exposed,2020-07-08,5,iPhone,5,Mobile Safari,False
4250,exposed,2020-07-09,12,Generic Smartphone,6,Chrome Mobile,False
4277,control,2020-07-04,6,Samsung SM-G960F,6,Facebook,True
4285,control,2020-07-06,9,Generic Smartphone,6,Chrome Mobile,False
4294,control,2020-07-10,0,Samsung SM-G950F,6,Facebook,False
4296,control,2020-07-09,20,Generic Smartphone,6,Chrome Mobile,True
4297,exposed,2020-07-10,7,Generic Smartphone,6,Chrome Mobile,False
4303,exposed,2020-07-10,7,HTC Desire $2,6,Chrome Mobile,True
4308,control,2020-07-08,16,Samsung SM-G930F,6,Chrome Mobile WebView,True
4309,control,2020-07-03,15,Generic Smartphone,6,Chrome Mobile,True
4338,exposed,2020-07-05,16,Generic Smartphone,6,Chrome Mobile,True
4340,exposed,2020-07-10,15,Generic Smartphone,6,Chrome Mobile,True
4344,exposed,2020-07-06,10,I3312,6,Chrome Mobile WebView,True
4345,exposed,2020-07-10,1,Generic Smartphone,6,Chrome Mobile,False
4353,exposed,2020-07-03,9,A0001,6,Chrome Mobile WebView,True
4355,exposed,2020-07-10,14,Samsung SM-N960F,6,Samsung Internet,False
4360,exposed,2020-07-04,14,Generic Smartphone,6,Chrome Mobile,False
4361,exposed,2020-07-09,18,Samsung SM-J330FN,6,Samsung Internet,True
4362,exposed,2020-07-04,14,Generic Smartphone,6,Chrome Mobile,False
4363,control,2020-07-03,15,Samsung SM-A320FL,6,Samsung Internet,False
4374,control,2020-07-03,15,Samsung SM-N950F,6,Chrome Mobile WebView,False
4375,exposed,2020-07-09,5,Generic Smartphone,6,Chrome Mobile,False
4393,exposed,2020-07-10,1,Generic Smartphone,6,Chrome Mobile,False
4401,control,2020-07-05,7,Generic Smartphone,6,Chrome Mobile,True
4403,exposed,2020-07-05,7,Generic Smartphone,6,Chrome Mobile,False
4405,control,2020-07-08,15,Samsung SM-A405FN,6,Samsung Internet,False
4412,exposed,2020-07-08,18,Generic Smartphone,6,Chrome Mobile,False
4415,exposed,2020-07-04,10,LG-$2,6,Chrome Mobile,True
4449,exposed,2020-07-08,20,Generic Smartphone,6,Chrome Mobile,True
4455,exposed,2020-07-04,10,Generic Smartphone,6,Chrome Mobile,False
4462,exposed,2020-07-08,22,Generic Smartphone,6,Chrome Mobile,True
4463,exposed,2020-07-04,9,Samsung SM-A505FN,6,Samsung Internet,False
4473,exposed,2020-07-07,9,Samsung SM-G900F,6,Samsung Internet,False
4483,control,2020-07-09,21,Generic Smartphone,6,Chrome Mobile,True
4487,exposed,2020-07-07,4,Generic Smartphone,6,Chrome Mobile,False
4490,exposed,2020-07-08,15,MRD-LX1,6,Chrome Mobile,True
4492,control,2020-07-09,13,Samsung SM-G986B,6,Chrome Mobile WebView,False
4494,control,2020-07-03,15,Samsung SM-A505FN,6,Facebook,True
4498,exposed,2020-07-03,5,Generic Smartphone,6,Chrome Mobile,True
4501,control,2020-07-03,15,Samsung SM-G973F,6,Samsung Internet,False
4510,exposed,2020-07-03,10,EVR-N29,6,Chrome Mobile WebView,False
4512,exposed,2020-07-06,5,Generic Smartphone,6,Chrome Mobile,False
4516,exposed,2020-07-05,10,I3312,6,Chrome Mobile WebView,False
4529,control,2020-07-04,11,Generic Smartphone,6,Chrome Mobile,False
4532,exposed,2020-07-09,15,Generic Smartphone,6,Chrome Mobile WebView,True
4545,exposed,2020-07-10,15,Generic Smartphone,6,Chrome Mobile,True
4551,control,2020-07-03,15,Generic Smartphone,6,Chrome Mobile,False
4553,exposed,2020-07-06,1,Generic Smartphone,6,Chrome Mobile,False
4558,control,2020-07-03,15,Generic Smartphone,6,Chrome Mobile,False
4565,exposed,2020-07-05,4,Generic Smartphone,6,Chrome Mobile,False
4579,control,2020-07-03,15,Generic Smartphone,6,Chrome Mobile,False
4581,exposed,2020-07-08,5,Generic Smartphone,6,Chrome Mobile,True
4582,exposed,2020-07-08,14,Generic Smartphone,6,Chrome Mobile,True
4583,control,2020-07-03,15,Samsung SM-G960F,6,Chrome Mobile WebView,False
4594,exposed,2020-07-03,9,Samsung SM-A202F,6,Chrome Mobile WebView,True
4598,control,2020-07-03,15,Generic Smartphone,6,Chrome Mobile,True
4601,control,2020-07-07,10,LYA-L09,6,Chrome Mobile WebView,False
4604,exposed,2020-07-08,12,Samsung SM-G610F,6,Chrome Mobile WebView,False
4608,control,2020-07-03,15,Generic Smartphone,6,Chrome Mobile,True
4609,exposed,2020-07-07,14,Generic Smartphone,6,Chrome Mobile,True
4623,exposed,2020-07-09,1,Generic Smartphone,6,Chrome Mobile,False
4637,exposed,2020-07-06,4,Generic Smartphone,6,Chrome Mobile,False
4643,exposed,2020-07-04,10,ANE-LX1,6,Chrome Mobile WebView,False
4648,exposed,2020-07-10,1,Samsung SM-A920F,6,Chrome Mobile WebView,False
4655,control,2020-07-07,4,Generic Smartphone,6,Chrome Mobile,False
4658,exposed,2020-07-07,12,Generic Smartphone,6,Chrome Mobile,True
4661,control,2020-07-08,20,Generic Smartphone,6,Chrome Mobile,False
4673,control,2020-07-09,4,Generic Smartphone,6,Chrome Mobile,True
4685,control,2020-07-04,4,Generic Smartphone,6,Chrome Mobile,False
4701,exposed,2020-07-10,0,Generic Smartphone,6,Chrome Mobile WebView,True
4706,control,2020-07-10,14,iPhone,5,Mobile Safari UI/WKWebView,False
4710,exposed,2020-07-10,12,Generic Smartphone,6,Chrome Mobile,False
4719,exposed,2020-07-08,7,Samsung SM-A405FN,6,Chrome Mobile WebView,False
4726,control,2020-07-09,14,Generic Smartphone,6,Chrome Mobile,True
4727,control,2020-07-10,15,Samsung SM-G960F,6,Facebook,True
4729,control,2020-07-09,12,Samsung SM-G950F,6,Facebook,True
4732,control,2020-07-05,7,Samsung SM-G977B,6,Facebook,True
4735,control,2020-07-10,7,Generic Smartphone,6,Chrome Mobile WebView,False
4749,control,2020-07-04,12,iPhone,5,Mobile Safari,False
4765,exposed,2020-07-07,21,Generic Smartphone,6,Chrome Mobile,False
4767,exposed,2020-07-07,17,Samsung SM-A515F,6,Chrome Mobile WebView,False
4774,control,2020-07-03,15,Samsung SM-G980F,6,Facebook,False
4775,exposed,2020-07-08,19,Generic Smartphone,6,Chrome Mobile WebView,False
4783,exposed,2020-07-07,21,Samsung SM-A105FN,6,Facebook,True
4794,control,2020-07-03,15,MAR-LX1A,6,Facebook,False
4800,exposed,2020-07-04,6,Generic Smartphone,6,Chrome Mobile,False
4802,exposed,2020-07-04,11,Samsung SM-G950F,6,Chrome Mobile WebView,True
4809,exposed,2020-07-04,11,Generic Smartphone,6,Chrome Mobile,False
4811,control,2020-07-04,22,LG-$2,6,Facebook,True
4814,control,2020-07-09,1,Samsung SM-J415FN,6,Samsung Internet,True
4820,exposed,2020-07-09,16,Samsung SM-G965F,6,Samsung Internet,False
4830,exposed,2020-07-04,14,Samsung SM-J610FN,6,Chrome Mobile WebView,True
4834,exposed,2020-07-08,18,Nokia undefined$2$3,6,Chrome Mobile,True
4841,exposed,2020-07-07,20,Generic Smartphone,6,Chrome Mobile,True
4843,control,2020-07-05,2,Generic Smartphone,6,Chrome Mobile,False
4845,control,2020-07-03,15,Generic Smartphone,6,Chrome Mobile,False
4847,exposed,2020-07-05,4,Generic Smartphone,6,Chrome Mobile,False
4848,exposed,2020-07-04,19,Generic Smartphone,6,Chrome Mobile,True
4858,control,2020-07-04,17,Generic Smartphone,6,Chrome Mobile,True
4863,control,2020-07-10,8,Samsung SM-G930F,6,Chrome Mobile WebView,True
4865,exposed,2020-07-10,7,Generic Smartphone,6,Chrome Mobile,False
4867,control,2020-07-03,15,Samsung SM-G960F,6,Facebook,False
4871,control,2020-07-06,1,iPhone,5,Mobile Safari,False
4878,control,2020-07-03,15,Generic Smartphone,6,Chrome Mobile,True
4881,exposed,2020-07-10,2,Generic Smartphone,6,Chrome Mobile,False
4893,control,2020-07-03,15,Generic Smartphone,6,Chrome Mobile,True
4897,control,2020-07-09,1,Generic Smartphone,6,Chrome Mobile,False
4898,control,2020-07-09,1,IMO $2,6,Chrome Mobile,True
4901,exposed,2020-07-07,5,Generic Smartphone,6,Chrome Mobile,False
4912,exposed,2020-07-08,17,Samsung SM-G900F,6,Chrome Mobile WebView,True
4931,exposed,2020-07-09,3,Generic Smartphone,6,Chrome Mobile,False
4947,exposed,2020-07-07,14,Samsung SM-A320FL,6,Samsung Internet,False
4954,exposed,2020-07-08,18,Generic Smartphone,6,Chrome Mobile,True
4955,control,2020-07-03,15,Samsung SM-G960F,6,Facebook,False
4958,exposed,2020-07-08,20,Generic Smartphone,6,Chrome Mobile,True
4975,control,2020-07-06,4,Generic Smartphone,6,Chrome Mobile,True
4977,exposed,2020-07-08,20,Generic Smartphone,6,Chrome Mobile,False
4985,control,2020-07-05,21,Generic Smartphone,6,Chrome Mobile,True
4988,exposed,2020-07-04,15,Generic Smartphone,6,Chrome Mobile,False
4991,control,2020-07-10,3,VFD 820,6,Chrome Mobile WebView,False
5006,control,2020-07-06,10,Generic Smartphone,6,Chrome Mobile,False
5010,control,2020-07-03,15,Generic Smartphone,6,Chrome Mobile,True
5014,exposed,2020-07-04,14,Samsung SM-G965F,6,Chrome Mobile WebView,True
5018,control,2020-07-07,6,Generic Smartphone,6,Chrome Mobile,True
5037,exposed,2020-07-08,19,Samsung SM-G960F,6,Chrome Mobile WebView,True
5041,control,2020-07-03,15,Generic Smartphone,6,Chrome Mobile,True
5048,exposed,2020-07-08,22,Generic Smartphone,6,Chrome Mobile,False
5051,exposed,2020-07-07,6,Samsung SM-A505FN,6,Chrome Mobile WebView,False
5057,exposed,2020-07-09,20,CLT-L09,6,Facebook,False
5063,exposed,2020-07-04,11,Generic Smartphone,6,Chrome Mobile,True
5069,exposed,2020-07-09,23,Generic Smartphone,6,Chrome Mobile,True
5074,control,2020-07-06,7,Generic Smartphone,6,Chrome Mobile,False
5078,exposed,2020-07-05,14,Generic Smartphone,6,Chrome Mobile,True
5099,control,2020-07-04,11,Samsung SM-A530F,6,Samsung Internet,True
5104,control,2020-07-04,17,Generic Smartphone,6,Chrome Mobile,False
5109,control,2020-07-03,15,Samsung SM-G960F,6,Chrome Mobile WebView,False
5118,exposed,2020-07-06,6,Generic Smartphone,6,Chrome Mobile,True
5127,control,2020-07-08,18,Generic Smartphone,6,Chrome Mobile,False
5134,exposed,2020-07-08,18,Samsung SM-G950F,6,Chrome Mobile WebView,True
5138,control,2020-07-03,15,Generic Smartphone,6,Chrome Mobile,True
5139,control,2020-07-03,15,LG-$2,6,Chrome Mobile WebView,False
5140,exposed,2020-07-03,5,XiaoMi MI MAX 3,6,Chrome Mobile WebView,True
5143,exposed,2020-07-08,18,Samsung SM-G950F,6,Chrome Mobile WebView,True
5148,control,2020-07-10,9,Generic Smartphone,6,Chrome Mobile,True
5150,exposed,2020-07-09,7,Samsung SM-G960F,6,Chrome Mobile WebView,True
5152,exposed,2020-07-08,19,Generic Smartphone,6,Chrome Mobile,True
5158,control,2020-07-06,7,Nokia$2$3,6,Chrome Mobile WebView,True
5159,control,2020-07-05,12,Generic Smartphone,6,Chrome Mobile,False
5164,exposed,2020-07-07,1,Samsung SM-G960F,6,Chrome Mobile WebView,False
5170,exposed,2020-07-10,3,Generic Smartphone,6,Chrome Mobile,True
5173,exposed,2020-07-04,19,Samsung SM-G935F,6,Samsung Internet,False
5176,control,2020-07-03,15,Generic Smartphone,6,Chrome Mobile,True
5182,exposed,2020-07-07,19,Generic Smartphone,6,Chrome Mobile,True
5192,exposed,2020-07-05,7,Pixel 4,6,Chrome Mobile WebView,False
5193,exposed,2020-07-04,5,Generic Smartphone,6,Chrome Mobile,True
5202,control,2020-07-09,11,Samsung SM-J600FN,6,Samsung Internet,False
5221,control,2020-07-10,15,Samsung $2,6,Samsung Internet,True
5245,exposed,2020-07-07,11,Generic Smartphone,6,Chrome Mobile,False
5247,exposed,2020-07-10,4,I3312,6,Facebook,False
5248,control,2020-07-09,5,Samsung SM-G960F,6,Chrome Mobile WebView,True
5253,control,2020-07-03,15,Generic Smartphone,6,Chrome Mobile,False
5256,control,2020-07-04,8,Generic Smartphone,6,Chrome Mobile,True
5258,exposed,2020-07-04,13,F3311,6,Chrome Mobile WebView,True
5268,control,2020-07-03,15,Samsung SM-G960F,6,Samsung Internet,True
5270,control,2020-07-03,15,Samsung SM-A405FN,6,Samsung Internet,False
5272,control,2020-07-03,15,Generic Smartphone,6,Chrome Mobile,True
5274,exposed,2020-07-08,4,Generic Smartphone,6,Chrome Mobile,True
5278,control,2020-07-09,9,iPhone,5,Mobile Safari,True
5298,control,2020-07-03,15,Samsung SM-G930F,6,Samsung Internet,False
5314,exposed,2020-07-03,11,Generic Smartphone,6,Facebook,True
5320,exposed,2020-07-09,18,Generic Smartphone,6,Chrome Mobile,False
5322,control,2020-07-10,11,Generic Smartphone,6,Chrome Mobile,False
5324,exposed,2020-07-10,4,Generic Smartphone,6,Chrome Mobile,True
5333,exposed,2020-07-03,12,Generic Smartphone,6,Chrome Mobile,False
5334,exposed,2020-07-09,17,Samsung SM-G965F,6,Chrome Mobile WebView,True
5340,control,2020-07-10,5,Pixel 3,6,Facebook,True
5351,exposed,2020-07-05,7,Generic Smartphone,6,Chrome Mobile,False
5354,control,2020-07-03,15,Generic Smartphone,6,Chrome Mobile,False
5355,control,2020-07-10,7,Samsung SM-G950F,6,Chrome Mobile WebView,False
5360,exposed,2020-07-09,22,Samsung SM-A600FN,6,Chrome Mobile WebView,True
5362,control,2020-07-07,21,Generic Smartphone,6,Chrome Mobile,False
5363,control,2020-07-05,5,Generic Smartphone,6,Chrome Mobile,True
5365,exposed,2020-07-05,14,Generic Smartphone,6,Chrome Mobile,True
5373,exposed,2020-07-10,0,Samsung SM-G975F,6,Facebook,True
5384,control,2020-07-03,15,iPhone,5,Mobile Safari,False
5393,exposed,2020-07-08,16,Generic Smartphone,6,Chrome Mobile,True
5403,exposed,2020-07-08,21,Samsung SM-G950F,6,Chrome Mobile WebView,True
5404,exposed,2020-07-03,14,Samsung SM-G935F,6,Chrome Mobile WebView,False
5407,exposed,2020-07-08,15,Generic Smartphone,6,Chrome Mobile,True
5409,exposed,2020-07-09,6,Generic Smartphone,6,Chrome Mobile,False
5410,control,2020-07-08,17,Generic Smartphone,6,Chrome Mobile,False
5413,exposed,2020-07-04,12,Samsung SM-A300FU,6,Facebook,False
5418,control,2020-07-09,9,Samsung SM-A105FN,6,Samsung Internet,True
5421,control,2020-07-08,19,Samsung SM-A105FN,6,Samsung Internet,True
5441,exposed,2020-07-09,12,Generic Smartphone,6,Chrome Mobile,False
5456,control,2020-07-03,15,Generic Smartphone,6,Chrome Mobile,True
5472,exposed,2020-07-07,9,Generic Smartphone,6,Facebook,False
5478,exposed,2020-07-08,17,Generic Smartphone,6,Chrome Mobile,False
5484,exposed,2020-07-09,11,Generic Smartphone,6,Chrome Mobile,True
5488,exposed,2020-07-04,13,Generic Smartphone,6,Chrome Mobile,False
5491,control,2020-07-07,21,Generic Smartphone,6,Chrome Mobile,True
5492,control,2020-07-10,12,LG-$2,6,Chrome Mobile,True
5502,exposed,2020-07-08,21,Generic Smartphone,6,Chrome Mobile,False
5507,exposed,2020-07-10,5,Generic Smartphone,6,Chrome Mobile,False
5518,exposed,2020-07-08,17,Generic Smartphone,6,Chrome Mobile,False
5519,control,2020-07-05,16,Samsung SM-G955F,6,Facebook,True
5522,exposed,2020-07-08,16,Generic Smartphone,6,Chrome Mobile,True
5525,exposed,2020-07-08,5,Pixel 2,6,Chrome Mobile WebView,False
5531,control,2020-07-03,15,Samsung SM-A405FN,6,Samsung Internet,True
5533,exposed,2020-07-08,7,Generic Smartphone,6,Chrome Mobile,True
5536,control,2020-07-10,13,Generic Smartphone,6,Chrome Mobile,False
5543,exposed,2020-07-04,12,Generic Smartphone,6,Chrome Mobile,False
5544,exposed,2020-07-07,6,Generic Smartphone,6,Chrome Mobile WebView,True
5547,exposed,2020-07-05,5,Generic Smartphone,6,Chrome Mobile,True
5550,exposed,2020-07-03,3,Samsung SM-G960F,6,Chrome Mobile WebView,False
5556,exposed,2020-07-06,10,Samsung SM-G950F,6,Chrome Mobile WebView,False
5557,control,2020-07-03,15,EML-L09,6,Chrome Mobile WebView,False
5561,exposed,2020-07-04,7,OnePlus ONEPLUS A5010,6,Chrome Mobile WebView,True
5562,exposed,2020-07-04,6,Samsung SM-G950F,6,Chrome Mobile WebView,False
5564,control,2020-07-03,15,Samsung SM-G770F,6,Samsung Internet,False
5574,exposed,2020-07-09,17,Samsung SM-A405FN,6,Samsung Internet,False
5579,control,2020-07-06,4,Generic Smartphone,6,Chrome Mobile,False
5588,exposed,2020-07-03,2,Generic Smartphone,6,Chrome Mobile,True
5608,control,2020-07-09,11,Samsung SM-A202F,6,Samsung Internet,True
5614,exposed,2020-07-08,15,Generic Smartphone,6,Chrome Mobile,True
5616,control,2020-07-08,22,Samsung SM-G973F,6,Facebook,False
5618,exposed,2020-07-03,11,Samsung SM-A505FN,6,Chrome Mobile WebView,False
5624,exposed,2020-07-04,13,Generic Smartphone,6,Chrome Mobile,True
5626,exposed,2020-07-07,12,Generic Smartphone,6,Chrome Mobile,False
5639,exposed,2020-07-03,2,Generic Smartphone,6,Chrome Mobile,True
5642,exposed,2020-07-08,20,Generic Smartphone,6,Chrome Mobile,True
5644,control,2020-07-03,15,Generic Smartphone,6,Chrome Mobile,False
5647,exposed,2020-07-09,21,Generic Smartphone,6,Chrome Mobile,False
5648,control,2020-07-03,15,Generic Smartphone,6,Chrome Mobile,True
5658,exposed,2020-07-09,3,Generic Smartphone,6,Chrome Mobile,True
5662,exposed,2020-07-03,7,TA-1033,6,Chrome Mobile WebView,True
5665,control,2020-07-06,0,Pixel 3,6,Facebook,True
5668,control,2020-07-03,15,Samsung SM-G965F,6,Facebook,False
5670,exposed,2020-07-08,20,Generic Smartphone,6,Chrome Mobile,True
5684,control,2020-07-03,15,Samsung SM-A105FN,6,Chrome Mobile,True
5691,control,2020-07-07,8,Samsung SM-J330FN,6,Samsung Internet,False
5692,control,2020-07-09,18,Generic Smartphone,6,Chrome Mobile,False
5696,control,2020-07-03,15,Generic Smartphone,6,Chrome Mobile,False
5705,control,2020-07-08,14,Samsung SM-A202F,6,Chrome Mobile WebView,False
5725,exposed,2020-07-03,13,Generic Smartphone,6,Chrome Mobile,True
5731,exposed,2020-07-08,19,Generic Smartphone,6,Chrome Mobile,False
5734,control,2020-07-07,14,Generic Smartphone,6,Chrome Mobile,False
5738,exposed,2020-07-05,12,Samsung SM-G960F,6,Facebook,True
5740,exposed,2020-07-10,6,Generic Smartphone,6,Chrome Mobile,True
5741,control,2020-07-03,15,Generic Smartphone,6,Chrome Mobile,False
5750,exposed,2020-07-09,13,Pixel 3a,6,Chrome Mobile WebView,True
5764,control,2020-07-04,9,Samsung SM-G935F,6,Facebook,False
5771,exposed,2020-07-05,18,Generic Smartphone,6,Chrome Mobile,True
5786,exposed,2020-07-07,2,Samsung SM-G973F,6,Samsung Internet,False
5803,control,2020-07-10,0,Samsung SM-G960F,6,Facebook,False
5809,exposed,2020-07-08,14,Samsung SM-G960F,6,Chrome Mobile WebView,True
5813,exposed,2020-07-09,10,Generic Smartphone,6,Chrome Mobile,False
5814,exposed,2020-07-08,18,Samsung SM-J600FN,6,Chrome Mobile WebView,False
5817,exposed,2020-07-08,0,Generic Smartphone,6,Chrome Mobile,False
5821,control,2020-07-08,13,Generic Smartphone,6,Chrome Mobile,True
5828,control,2020-07-03,15,Generic Smartphone,6,Chrome Mobile,False
5830,exposed,2020-07-07,1,Samsung SM-N976B,6,Chrome Mobile WebView,True
5831,exposed,2020-07-03,12,Samsung SM-A505FN,6,Chrome Mobile WebView,False
5841,control,2020-07-03,15,Generic Smartphone,6,Chrome Mobile,False
5844,control,2020-07-04,11,LG-$2,6,Chrome Mobile,True
5854,exposed,2020-07-10,2,Generic Smartphone,6,Chrome Mobile,True
5858,exposed,2020-07-08,15,Pixel 4,6,Chrome Mobile WebView,False
5866,exposed,2020-07-10,0,Generic Smartphone,6,Chrome Mobile,False
5869,control,2020-07-07,13,Generic Smartphone,6,Chrome Mobile,True
5872,control,2020-07-09,0,Samsung SM-A505FN,6,Chrome Mobile WebView,True
5878,control,2020-07-09,12,Generic Smartphone,6,Chrome Mobile,False
5895,exposed,2020-07-04,17,Generic Smartphone,6,Chrome Mobile,False
5897,exposed,2020-07-03,6,Generic Smartphone,6,Chrome Mobile,True
5908,control,2020-07-08,11,Samsung SM-N950F,6,Facebook,False
5916,exposed,2020-07-04,6,Samsung $2,6,Chrome Mobile WebView,False
5918,exposed,2020-07-05,4,Generic Smartphone,6,Chrome Mobile,False
5925,exposed,2020-07-08,5,Generic Smartphone,6,Chrome Mobile,False
5929,control,2020-07-03,15,Samsung SM-A405FN,6,Samsung Internet,False
5933,control,2020-07-05,3,Generic Smartphone,6,Chrome Mobile,True
5938,exposed,2020-07-10,0,Samsung SM-A202F,6,Chrome Mobile WebView,True
5939,exposed,2020-07-08,16,Generic Smartphone,6,Chrome Mobile,True
5944,exposed,2020-07-09,8,Generic Smartphone,6,Chrome Mobile,True
5966,control,2020-07-03,15,Generic Smartphone,6,Chrome Mobile,True
5968,control,2020-07-03,15,Generic Smartphone,6,Chrome Mobile,False
5978,control,2020-07-03,15,Samsung SM-G988B,6,Chrome Mobile WebView,False
5983,exposed,2020-07-05,15,Generic Smartphone,6,Chrome Mobile,True
5988,exposed,2020-07-06,9,Generic Smartphone,6,Chrome Mobile,True
5993,control,2020-07-09,6,Generic Smartphone,6,Chrome Mobile,False
5995,exposed,2020-07-04,17,Samsung SM-G975F,6,Samsung Internet,True
6000,control,2020-07-03,15,Generic Smartphone,6,Chrome Mobile,True
6002,control,2020-07-04,1,Generic Smartphone,6,Chrome Mobile,False
6004,control,2020-07-03,15,Samsung SM-G920F,6,Chrome Mobile WebView,False
6007,exposed,2020-07-08,19,Generic Smartphone,6,Chrome Mobile,True
6009,control,2020-07-04,20,Generic Smartphone,6,Chrome Mobile,True
6012,exposed,2020-07-09,13,Generic Smartphone,6,Chrome Mobile,False
6023,exposed,2020-07-08,22,Generic Smartphone,6,Chrome Mobile,False
6025,exposed,2020-07-09,9,Generic Smartphone,6,Chrome Mobile,False
6033,exposed,2020-07-10,15,Generic Smartphone,6,Chrome Mobile,False
6036,exposed,2020-07-08,16,Samsung SM-A202F,6,Chrome Mobile WebView,False
6040,control,2020-07-03,15,Generic Smartphone,6,Chrome Mobile,False
6042,exposed,2020-07-06,4,Generic Smartphone,6,Chrome Mobile,True
6049,exposed,2020-07-04,6,Samsung SM-G965F,6,Chrome Mobile WebView,True
6053,control,2020-07-09,9,Samsung SM-A202F,6,Chrome Mobile WebView,True
6056,exposed,2020-07-07,10,Generic Smartphone,6,Chrome Mobile,True
6057,control,2020-07-04,11,Generic Smartphone,6,Chrome Mobile,True
6058,exposed,2020-07-09,20,Generic Smartphone,6,Chrome Mobile,True
6070,exposed,2020-07-03,12,OnePlus ONEPLUS A6013,6,Chrome Mobile WebView,True
6072,exposed,2020-07-04,2,ANE-LX1,6,Facebook,True
6075,exposed,2020-07-08,20,Generic Smartphone,6,Chrome Mobile,True
6077,exposed,2020-07-03,10,Samsung SM-G970F,6,Chrome Mobile WebView,True
6088,control,2020-07-04,10,DLI-L22,6,Facebook,False
6093,exposed,2020-07-03,8,Samsung SM-G770F,6,Chrome Mobile WebView,True
6095,control,2020-07-04,12,Generic Smartphone,6,Chrome Mobile,False
6113,control,2020-07-03,15,Generic Smartphone,6,Chrome Mobile,False
6116,exposed,2020-07-04,7,Generic Smartphone,6,Chrome Mobile,True
6119,control,2020-07-08,19,Generic Smartphone,6,Chrome Mobile,False
6135,control,2020-07-03,15,Samsung SM-A705FN,6,Facebook,True
6138,control,2020-07-07,19,Generic Smartphone,6,Chrome Mobile,True
6158,control,2020-07-03,15,Samsung SM-A105FN,6,Samsung Internet,False
6163,control,2020-07-09,17,Generic Smartphone,6,Chrome Mobile,False
6171,control,2020-07-03,15,Generic Smartphone,6,Chrome Mobile,False
6186,exposed,2020-07-09,9,Generic Smartphone,6,Chrome Mobile WebView,True
6203,control,2020-07-03,15,iPhone,5,Mobile Safari,False
6209,exposed,2020-07-04,8,Samsung SM-J530F,6,Samsung Internet,True
6215,control,2020-07-03,15,Generic Smartphone,6,Chrome Mobile,False
6220,control,2020-07-10,3,Generic Smartphone,6,Chrome Mobile,False
6224,control,2020-07-03,15,Generic Smartphone,6,Chrome Mobile,True
6225,control,2020-07-03,15,Generic Smartphone,6,Chrome Mobile,False
6231,control,2020-07-08,16,Generic Smartphone,6,Chrome Mobile,True
6238,exposed,2020-07-03,3,Generic Smartphone,6,Chrome Mobile,False
6241,control,2020-07-09,5,Samsung SM-G960F,6,Samsung Internet,True
6250,exposed,2020-07-07,13,Generic Smartphone,6,Chrome Mobile WebView,True
6257,exposed,2020-07-09,9,Moto $2,6,Chrome Mobile WebView,False
6269,exposed,2020-07-10,9,Generic Smartphone,6,Facebook,True
6289,exposed,2020-07-08,20,Samsung SM-J320FN,6,Samsung Internet,True
6290,exposed,2020-07-10,3,Generic Smartphone,6,Chrome Mobile,False
6293,control,2020-07-05,12,Samsung SM-G986B,6,Samsung Internet,False
6297,control,2020-07-07,10,Samsung SM-G930F,6,Samsung Internet,True
6298,control,2020-07-05,18,Generic Smartphone,6,Chrome Mobile,False
6307,exposed,2020-07-05,12,Generic Smartphone,6,Chrome Mobile,True
6310,exposed,2020-07-08,22,Generic Smartphone,6,Chrome Mobile,False
6316,control,2020-07-09,8,Generic Smartphone,6,Chrome Mobile,False
6320,control,2020-07-05,10,Samsung SM-G960F,6,Chrome Mobile WebView,False
6334,control,2020-07-04,13,Samsung SM-A530F,6,Samsung Internet,False
6335,control,2020-07-05,4,Generic Smartphone,6,Chrome Mobile,False
6339,control,2020-07-08,5,Generic Smartphone,6,Chrome Mobile,False
6344,exposed,2020-07-03,7,Generic Smartphone,6,Chrome Mobile,True
6354,control,2020-07-06,10,Generic Smartphone,6,Chrome Mobile,True
6404,control,2020-07-08,21,Generic Smartphone,6,Chrome Mobile,True
6410,control,2020-07-04,11,iPhone,5,Mobile Safari,False
6413,control,2020-07-09,19,Samsung SM-G960F,6,Samsung Internet,True
6416,exposed,2020-07-07,9,Generic Smartphone,6,Chrome Mobile WebView,True
6418,exposed,2020-07-09,21,Samsung SM-G960F,6,Chrome Mobile WebView,True
6419,control,2020-07-10,1,POT-LX1,6,Facebook,True
6429,control,2020-07-04,13,Generic Smartphone,6,Chrome Mobile,False
6431,exposed,2020-07-08,16,Samsung SM-G965F,6,Chrome Mobile WebView,True
6436,exposed,2020-07-03,9,Generic Smartphone,6,Chrome Mobile,False
6439,exposed,2020-07-06,6,Generic Smartphone,6,Chrome Mobile,True
6448,exposed,2020-07-06,5,Samsung SM-J330FN,6,Samsung Internet,False
6474,control,2020-07-09,19,Generic Smartphone,6,Chrome Mobile,False
6490,control,2020-07-07,5,Nokia undefined$2$3,6,Chrome Mobile,False
6493,control,2020-07-05,8,Samsung SM-G935F,6,Samsung Internet,False
6494,exposed,2020-07-10,6,Generic Smartphone,6,Facebook,False
6497,exposed,2020-07-03,13,Generic Smartphone,6,Chrome Mobile,True
6499,exposed,2020-07-04,3,Generic Smartphone,6,Chrome Mobile,False
6530,control,2020-07-03,15,Samsung SM-G930F,6,Samsung Internet,True
6541,exposed,2020-07-10,9,Samsung SM-G960F,6,Samsung Internet,False
6542,control,2020-07-03,15,Samsung SM-G975F,6,Facebook,False
6549,control,2020-07-08,20,Generic Smartphone,6,Chrome Mobile,True
6550,control,2020-07-08,23,VOG-L29,6,Facebook,True
6552,control,2020-07-03,15,Generic Smartphone,6,Chrome Mobile,False
6568,control,2020-07-03,15,Generic Smartphone,6,Chrome Mobile,False
6575,exposed,2020-07-10,11,Generic Smartphone,6,Chrome Mobile,False
6591,exposed,2020-07-04,20,Generic Smartphone,6,Chrome Mobile WebView,True
6598,control,2020-07-03,15,Generic Smartphone,6,Chrome Mobile,False
6621,control,2020-07-08,3,Samsung SM-A520F,6,Samsung Internet,False
6629,control,2020-07-10,6,Samsung SM-G950F,6,Facebook,False
6640,control,2020-07-08,15,Generic Smartphone,6,Chrome Mobile,False
6651,control,2020-07-03,15,Generic Smartphone,6,Chrome Mobile,False
6654,control,2020-07-05,9,Generic Smartphone,6,Chrome Mobile,True
6656,exposed,2020-07-10,10,Nokia undefined$2$3,6,Chrome Mobile,False
6658,exposed,2020-07-09,0,HTC One $2,6,Chrome Mobile,True
6661,exposed,2020-07-09,21,Generic Smartphone,6,Chrome Mobile,False
6668,control,2020-07-05,17,Generic Smartphone,6,Chrome Mobile,False
6669,exposed,2020-07-06,7,Samsung SM-G950F,6,Facebook,True
6670,exposed,2020-07-04,7,Generic Smartphone,6,Chrome Mobile,False
6671,exposed,2020-07-09,0,Samsung SM-A310F,6,Samsung Internet,True
6675,control,2020-07-03,15,Generic Smartphone,6,Chrome Mobile,False
6677,control,2020-07-09,12,Generic Smartphone,6,Chrome Mobile,True
6682,control,2020-07-03,15,Samsung SM-A530F,6,Samsung Internet,True
6696,exposed,2020-07-05,6,Generic Smartphone,6,Chrome Mobile,True
6700,exposed,2020-07-09,18,Generic Smartphone,6,Chrome Mobile,True
6711,exposed,2020-07-03,0,Generic Smartphone,6,Chrome Mobile WebView,True
6743,exposed,2020-07-09,20,Generic Smartphone,6,Chrome Mobile,True
6749,exposed,2020-07-08,20,Samsung SM-A505FN,6,Chrome Mobile WebView,True
6752,control,2020-07-05,16,Generic Smartphone,6,Chrome Mobile,True
6761,control,2020-07-04,9,Generic Smartphone,6,Chrome Mobile,True
6762,exposed,2020-07-08,15,PRA-LX1,6,Facebook,False
6767,exposed,2020-07-04,10,Generic Smartphone,6,Chrome Mobile,False
6773,control,2020-07-07,9,Generic Smartphone,6,Chrome Mobile,True
6777,control,2020-07-09,4,Generic Smartphone,6,Chrome Mobile,False
6779,control,2020-07-06,9,Samsung SM-A705FN,6,Chrome Mobile WebView,False
6782,control,2020-07-03,15,Samsung SM-G960F,6,Facebook,False
6813,control,2020-07-03,15,Samsung SM-A405FN,6,Samsung Internet,False
6821,control,2020-07-03,15,Samsung SM-J810F,6,Chrome Mobile WebView,False
6822,control,2020-07-03,15,Generic Smartphone,6,Chrome Mobile,False
6824,control,2020-07-03,15,Generic Smartphone,6,Chrome Mobile,True
6833,exposed,2020-07-03,14,Generic Smartphone,6,Chrome Mobile,True
6836,exposed,2020-07-06,4,Samsung SM-G920F,6,Chrome Mobile WebView,True
6851,exposed,2020-07-03,13,OnePlus ONEPLUS A3000,6,Chrome Mobile WebView,True
6855,control,2020-07-07,10,Generic Smartphone,6,Chrome Mobile,False
6859,exposed,2020-07-06,10,Generic Smartphone,6,Chrome Mobile,False
6863,exposed,2020-07-04,7,FIG-LX1,6,Chrome Mobile WebView,True
6865,exposed,2020-07-08,16,Generic Smartphone,6,Chrome Mobile,False
6871,exposed,2020-07-09,11,Generic Smartphone,6,Chrome Mobile,False
6874,exposed,2020-07-09,22,Generic Smartphone,6,Chrome Mobile,False
6881,exposed,2020-07-05,18,Samsung SM-J530F,6,Samsung Internet,True
6894,control,2020-07-05,1,Samsung SM-G950F,6,Samsung Internet,False
6899,control,2020-07-04,9,Samsung SM-J530F,6,Samsung Internet,False
6904,control,2020-07-03,15,Samsung SM-A320FL,6,Facebook,False
6905,exposed,2020-07-09,2,iPhone,5,Mobile Safari,False
6906,control,2020-07-03,15,Generic Smartphone,6,Chrome Mobile,True
6907,exposed,2020-07-07,21,Pixel 3,6,Chrome Mobile WebView,True
6919,exposed,2020-07-03,1,Samsung SM-A530F,6,Chrome Mobile WebView,True
6923,exposed,2020-07-06,3,Generic Smartphone,6,Chrome Mobile,True
6926,exposed,2020-07-05,14,Samsung SM-A202F,6,Samsung Internet,True
6927,control,2020-07-03,15,Samsung SM-G935F,6,Samsung Internet,True
6942,control,2020-07-09,16,Generic Smartphone,6,Chrome Mobile,True
6944,control,2020-07-04,20,Generic Smartphone,6,Chrome Mobile,False
6946,exposed,2020-07-07,7,Generic Smartphone,6,Chrome Mobile,True
6951,control,2020-07-04,15,Samsung SM-G950F,6,Facebook,False
6954,exposed,2020-07-07,8,Generic Smartphone,6,Chrome Mobile,False
6961,exposed,2020-07-07,13,Samsung SM-A600FN,6,Facebook,True
6967,exposed,2020-07-04,11,Samsung SM-A600FN,6,Chrome Mobile WebView,False
6971,control,2020-07-03,15,XiaoMi MI 6,6,Facebook,False
6973,control,2020-07-04,12,ANE-LX1,6,Facebook,False
6974,exposed,2020-07-08,18,Generic Smartphone,6,Chrome Mobile,True
6984,exposed,2020-07-03,8,Generic Smartphone,6,Chrome Mobile,True
6987,control,2020-07-08,10,Generic Smartphone,6,Chrome Mobile,True
6988,control,2020-07-09,20,Samsung SM-G973F,6,Facebook,False
7005,exposed,2020-07-04,20,Generic Smartphone,6,Chrome Mobile,True
7025,exposed,2020-07-06,9,Generic Smartphone,6,Chrome Mobile,True
7026,exposed,2020-07-10,4,Samsung SM-A300FU,6,Chrome Mobile WebView,False
7033,control,2020-07-04,11,Generic Smartphone,6,Chrome Mobile,True
7042,control,2020-07-03,15,Generic Smartphone,6,Chrome Mobile,True
7054,control,2020-07-04,4,Generic Smartphone,6,Chrome Mobile,True
7059,exposed,2020-07-09,17,Samsung SM-G925F,6,Chrome Mobile WebView,False
7069,control,2020-07-08,21,EVA-L09,6,Chrome Mobile WebView,True
7076,control,2020-07-07,7,Nokia undefined$2$3,6,Chrome Mobile,False
7089,control,2020-07-04,20,X4_Soul_Infinity_Z,6,Facebook,False
7090,control,2020-07-03,15,Generic Smartphone,6,Chrome Mobile,True
7092,exposed,2020-07-09,18,Generic Smartphone,6,Chrome Mobile,False
7095,control,2020-07-09,5,iPhone,5,Mobile Safari,True
7107,control,2020-07-03,15,Samsung SM-A530F,6,Samsung Internet,False
7116,exposed,2020-07-03,7,Samsung SM-G920F,6,Chrome Mobile WebView,False
7117,control,2020-07-08,21,Generic Smartphone,6,Chrome Mobile,True
7123,control,2020-07-04,16,Generic Smartphone,6,Chrome Mobile,True
7124,control,2020-07-10,5,Generic Smartphone,6,Chrome Mobile,False
7125,exposed,2020-07-05,14,LG-$2,6,Chrome Mobile WebView,True
7127,exposed,2020-07-09,10,Samsung SM-G955F,6,Samsung Internet,True
7133,control,2020-07-08,21,Generic Smartphone,6,Chrome Mobile,True
7150,control,2020-07-10,6,Generic Smartphone,6,Chrome Mobile,True
7151,control,2020-07-03,15,Samsung SM-G986B,6,Samsung Internet,True
7152,control,2020-07-05,5,Generic Smartphone,6,Chrome Mobile,False
7156,exposed,2020-07-04,18,Generic Smartphone,6,Chrome Mobile,True
7157,exposed,2020-07-08,7,Samsung SM-N976B,6,Facebook,True
7159,exposed,2020-07-08,15,Samsung SM-A202F,6,Samsung Internet,False
7163,exposed,2020-07-08,13,Samsung SM-A202F,6,Chrome Mobile WebView,False
7165,exposed,2020-07-08,19,Generic Smartphone,6,Chrome Mobile WebView,False
7166,control,2020-07-08,19,Samsung SM-G960F,6,Chrome Mobile WebView,False
7169,control,2020-07-03,15,Generic Smartphone,6,Chrome Mobile,False
7192,control,2020-07-03,15,Samsung SM-A202F,6,Samsung Internet,False
7204,control,2020-07-09,9,PCT-L29,6,Facebook,True
7209,exposed,2020-07-05,8,Generic Smartphone,6,Chrome Mobile,False
7210,exposed,2020-07-08,18,LYA-L09,6,Facebook,False
7215,control,2020-07-07,7,Generic Smartphone,6,Chrome Mobile,True
7216,control,2020-07-04,11,Samsung SM-G970F,6,Facebook,True
7217,control,2020-07-04,14,Generic Smartphone,6,Chrome Mobile,False
7226,control,2020-07-03,15,Generic Smartphone,6,Chrome Mobile,False
7227,exposed,2020-07-09,8,Samsung SM-G970F,6,Chrome Mobile WebView,True
7229,control,2020-07-03,15,Generic Smartphone,6,Chrome Mobile,False
7231,exposed,2020-07-08,7,Generic Smartphone,6,Chrome Mobile,True
7234,control,2020-07-03,15,Generic Smartphone,6,Chrome Mobile,False
7236,exposed,2020-07-09,23,Generic Smartphone,6,Chrome Mobile,True
7237,exposed,2020-07-03,10,Samsung SM-J500FN,6,Chrome Mobile WebView,True
7243,exposed,2020-07-09,20,Generic Smartphone,6,Chrome Mobile,True
7255,control,2020-07-03,15,Generic Smartphone,6,Chrome Mobile,True
7267,control,2020-07-10,3,Samsung SM-J330F,6,Chrome Mobile WebView,False
7274,control,2020-07-09,14,Samsung SM-G973F,6,Facebook,False
7284,exposed,2020-07-05,19,Samsung SM-A505FN,6,Chrome Mobile WebView,True
7285,exposed,2020-07-10,5,Samsung SM-G965F,6,Chrome Mobile WebView,True
7286,exposed,2020-07-04,15,Generic Smartphone,6,Chrome Mobile,False
7293,exposed,2020-07-06,5,Generic Smartphone,6,Chrome Mobile,False
7314,exposed,2020-07-06,7,OnePlus ONEPLUS A6013,6,Chrome Mobile WebView,False
7316,exposed,2020-07-04,12,Samsung SM-G960F,6,Samsung Internet,False
7321,exposed,2020-07-09,6,Generic Smartphone,6,Chrome Mobile,False
7322,exposed,2020-07-10,8,Generic Smartphone,6,Chrome Mobile,True
7334,control,2020-07-03,15,Generic Smartphone,6,Chrome Mobile WebView,False
7336,exposed,2020-07-06,6,Generic Smartphone,6,Chrome Mobile,False
7342,control,2020-07-09,21,Generic Smartphone,6,Chrome Mobile,False
7343,exposed,2020-07-03,11,Generic Smartphone,6,Chrome Mobile,False
7348,control,2020-07-07,9,Samsung SM-G935F,6,Facebook,True
7355,control,2020-07-05,5,Generic Smartphone,6,Chrome Mobile,False
7359,exposed,2020-07-08,8,Samsung SM-A750GN,6,Samsung Internet,False
7366,control,2020-07-03,15,Generic Smartphone,6,Chrome Mobile,False
7375,exposed,2020-07-03,7,Generic Smartphone,6,Chrome Mobile,True
7411,control,2020-07-10,14,VFD 720,6,Facebook,False
7421,exposed,2020-07-06,8,Pixel 3a,6,Chrome Mobile WebView,True
7430,control,2020-07-06,8,Generic Smartphone,6,Chrome Mobile,True
7436,exposed,2020-07-03,1,Generic Smartphone,6,Chrome Mobile,False
7437,exposed,2020-07-06,9,Samsung SM-G975F,6,Chrome Mobile WebView,False
7444,control,2020-07-06,1,Samsung SM-J600FN,6,Samsung Internet,False
7451,exposed,2020-07-05,3,Samsung SM-G950F,6,Chrome Mobile WebView,False
7465,control,2020-07-04,11,iPhone,5,Chrome Mobile iOS,True
7470,exposed,2020-07-05,9,Generic Smartphone,6,Chrome Mobile,False
7475,control,2020-07-03,15,Samsung SM-G981B,6,Facebook,True
7479,exposed,2020-07-03,13,Generic Smartphone,6,Chrome Mobile WebView,False
7483,control,2020-07-03,15,Generic Smartphone,6,Chrome Mobile,False
7485,exposed,2020-07-06,2,Nokia undefined$2$3,6,Chrome Mobile,True
7489,control,2020-07-03,15,Samsung SM-G965F,6,Chrome Mobile WebView,True
7510,control,2020-07-08,14,Generic Smartphone,6,Chrome Mobile,False
7522,exposed,2020-07-10,4,Samsung SM-N960F,6,Chrome Mobile WebView,True
7535,exposed,2020-07-05,3,Generic Smartphone,6,Chrome Mobile,True
7541,control,2020-07-03,15,MAR-LX1A,6,Facebook,True
7542,exposed,2020-07-09,21,Generic Smartphone,6,Chrome Mobile,True
7546,exposed,2020-07-10,4,Generic Smartphone,6,Chrome Mobile,True
7549,exposed,2020-07-03,12,Generic Smartphone,6,Chrome Mobile,False
7557,exposed,2020-07-04,8,Generic Smartphone,6,Chrome Mobile,False
7562,control,2020-07-07,7,Samsung SM-A405FN,6,Samsung Internet,False
7565,exposed,2020-07-03,4,Generic Smartphone,6,Chrome Mobile,False
7566,control,2020-07-08,21,Generic Smartphone,6,Chrome Mobile,True
7584,exposed,2020-07-07,22,Generic Smartphone,6,Chrome Mobile,False
7594,exposed,2020-07-09,17,Generic Smartphone,6,Chrome Mobile,True
7596,exposed,2020-07-09,8,Pixel 2,6,Chrome Mobile WebView,False
7608,control,2020-07-03,15,Samsung SM-J330FN,6,Samsung Internet,True
7610,exposed,2020-07-09,9,Generic Smartphone,6,Chrome Mobile,True
7622,exposed,2020-07-09,3,Samsung SM-J610G,6,Facebook,False
7626,control,2020-07-03,15,G3311,6,Facebook,True
7627,control,2020-07-08,15,FIG-LX1,6,Facebook,True
7634,exposed,2020-07-07,13,Samsung SM-A202F,6,Chrome Mobile WebView,True
7637,exposed,2020-07-06,5,VTR-L09,6,Facebook,False
7646,control,2020-07-09,20,POT-LX1,6,Facebook,False
7650,exposed,2020-07-04,13,VCE-L22,6,Facebook,True
7654,exposed,2020-07-09,21,Generic Smartphone,6,Chrome Mobile WebView,True
7657,control,2020-07-03,15,Pixel 2,6,Facebook,True
7670,control,2020-07-03,15,Generic Smartphone,6,Chrome Mobile,True
7675,control,2020-07-04,2,Samsung SM-G973F,6,Chrome Mobile WebView,True
7681,control,2020-07-03,15,Samsung SM-G930F,6,Samsung Internet,True
7684,exposed,2020-07-04,6,Generic Smartphone,6,Chrome Mobile,False
7689,exposed,2020-07-03,7,Generic Smartphone,6,Chrome Mobile,False
7692,exposed,2020-07-07,20,Samsung SM-G970F,6,Chrome Mobile WebView,True
7698,control,2020-07-03,15,Generic Smartphone,6,Chrome Mobile,False
7699,exposed,2020-07-09,8,Generic Smartphone,6,Chrome Mobile,True
7703,control,2020-07-03,15,Generic Smartphone,6,Chrome Mobile,False
7718,control,2020-07-03,15,Samsung SM-J330FN,6,Samsung Internet,False
7723,exposed,2020-07-09,13,Generic Smartphone,6,Chrome Mobile,True
7730,control,2020-07-03,15,Generic Smartphone,6,Chrome Mobile,False
7732,exposed,2020-07-08,15,Generic Smartphone,6,Chrome Mobile,False
7734,control,2020-07-08,20,Generic Smartphone,6,Chrome Mobile,False
7735,control,2020-07-03,15,Samsung SM-A520F,6,Samsung Internet,False
7742,exposed,2020-07-10,3,Generic Smartphone,6,Chrome Mobile,False
7745,exposed,2020-07-08,4,Samsung SM-J530F,6,Samsung Internet,True
7755,exposed,2020-07-03,9,Generic Smartphone,6,Facebook,False
7762,control,2020-07-05,19,Samsung SM-G973F,6,Samsung Internet,False
7768,exposed,2020-07-08,14,Generic Smartphone,6,Chrome Mobile WebView,False
7782,exposed,2020-07-09,17,Samsung SM-G975F,6,Chrome Mobile WebView,True
7792,exposed,2020-07-04,1,Generic Smartphone,6,Chrome Mobile,True
7793,control,2020-07-04,7,Samsung SM-G930F,6,Samsung Internet,False
7797,exposed,2020-07-03,8,Samsung SM-J530F,6,Chrome Mobile WebView,True
7799,control,2020-07-03,15,Samsung SM-N970F,6,Facebook,True
7803,exposed,2020-07-03,2,Samsung SM-A105FN,6,Samsung Internet,True
7807,exposed,2020-07-10,5,Samsung SM-G960F,6,Samsung Internet,False
7808,control,2020-07-06,3,Samsung SM-A105FN,6,Samsung Internet,True
7809,exposed,2020-07-05,13,Samsung SM-G950F,6,Chrome Mobile WebView,True
7821,control,2020-07-10,4,Samsung SM-A715F,6,Samsung Internet,True
7827,exposed,2020-07-06,4,Generic Smartphone,6,Chrome Mobile,True
7828,control,2020-07-03,15,Samsung SM-G935F,6,Samsung Internet,True
7837,exposed,2020-07-03,5,Generic Smartphone,6,Chrome Mobile,False
7839,control,2020-07-03,15,Generic Smartphone,6,Facebook,False
7845,control,2020-07-03,15,Generic Smartphone,6,Chrome Mobile,True
7851,control,2020-07-08,9,Samsung SM-N975F,6,Samsung Internet,False
7852,exposed,2020-07-03,0,Generic Smartphone,6,Chrome Mobile,False
7856,control,2020-07-07,17,iPhone,5,Mobile Safari UI/WKWebView,False
7861,control,2020-07-03,15,Generic Smartphone,6,Chrome Mobile,False
7874,exposed,2020-07-09,14,Generic Smartphone,6,Chrome Mobile,False
7877,control,2020-07-07,1,Generic Smartphone,6,Chrome Mobile,False
7885,exposed,2020-07-05,10,Samsung SM-G950F,6,Chrome Mobile WebView,True
7886,control,2020-07-07,16,Generic Smartphone,6,Chrome Mobile,False
7889,exposed,2020-07-08,19,Generic Smartphone,6,Chrome Mobile,False
7890,control,2020-07-06,5,Generic Smartphone,6,Chrome Mobile,True
7898,exposed,2020-07-10,8,Generic Smartphone,6,Chrome Mobile,False
7901,exposed,2020-07-10,8,Samsung SM-A300FU,6,Chrome Mobile WebView,False
7902,exposed,2020-07-05,3,Generic Smartphone,6,Chrome Mobile,False
7906,control,2020-07-03,15,Generic Smartphone,6,Chrome Mobile,True
7915,control,2020-07-04,2,Samsung SM-G930F,6,Facebook,False
7918,exposed,2020-07-04,13,VOG-L29,6,Chrome Mobile WebView,True
7919,exposed,2020-07-10,6,Generic Smartphone,6,Chrome Mobile,False
7925,control,2020-07-03,15,Generic Smartphone,6,Chrome Mobile,True
7937,control,2020-07-09,8,POT-LX1,6,Facebook,False
7938,exposed,2020-07-03,11,Generic Smartphone,6,Chrome Mobile,False
7940,control,2020-07-03,15,Generic Smartphone,6,Chrome Mobile,True
7944,control,2020-07-10,10,XiaoMi Redmi S2,6,Facebook,True
7962,exposed,2020-07-04,6,Generic Smartphone,6,Chrome Mobile WebView,True
7969,control,2020-07-03,15,Samsung SM-J330FN,6,Samsung Internet,True
7975,control,2020-07-10,12,Samsung SM-A520F,6,Chrome Mobile WebView,False
7977,control,2020-07-03,15,Generic Smartphone,6,Chrome Mobile,True
7990,control,2020-07-05,3,Generic Smartphone,6,Chrome Mobile,False
7991,control,2020-07-03,15,Generic Smartphone,6,Chrome Mobile,False
8003,control,2020-07-05,4,CLT-L09,6,Chrome Mobile,False
8004,control,2020-07-03,15,Samsung SM-G975F,6,Samsung Internet,True
8010,control,2020-07-04,4,Generic Smartphone,6,Chrome Mobile,False
8016,exposed,2020-07-08,17,Samsung SM-G965F,6,Facebook,False
8021,exposed,2020-07-09,4,Generic Smartphone,6,Chrome Mobile WebView,True
8031,control,2020-07-10,1,Generic Smartphone,6,Chrome Mobile,True
8042,exposed,2020-07-09,14,Generic Smartphone,6,Chrome Mobile,True
8054,exposed,2020-07-10,8,Samsung SM-G973F,6,Samsung Internet,True
8058,exposed,2020-07-09,18,Generic Smartphone,6,Chrome Mobile,False
8059,exposed,2020-07-05,21,Generic Smartphone,6,Chrome Mobile,True
8063,exposed,2020-07-04,1,Generic Smartphone,6,Chrome Mobile,True
8064,control,2020-07-09,7,Generic Smartphone,6,Chrome Mobile,False
8069,control,2020-07-10,16,Generic Smartphone,6,Chrome Mobile,False
8071,exposed,2020-07-03,4,Generic Smartphone,6,Chrome Mobile,False
